Species;Family;Order;Genus;REs;VEp;RMl;OGp;BEl;BLs;PFv;PFs;CPt;MBl;MBw;IUCN
Labeo cylindricus;Cyprinidae;Cypriniformes;Labeo;0.101354456014261;0.213029430519265;0.13759896961814;0.104006988613534;0.692750392922599;0.156831745639581;0.116178898072051;0.0917581276748624;0.567137406515163;1.41497334797082;2.95472479097906;LC
Mormyrus kannume;Mormyridae;Osteoglossiformes;Mormyrus;0.0835591943736814;0.14324147056853;0.0690738601198935;0.0564374267021887;0.750266523678482;0.143944922716972;0.111861666824103;0.0694553046755635;0.670512520887002;2.00432137378264;3.94981600859435;LC
Clupeoides venulosus;Clupeidae;Clupeiformes;Clupeoides;0.161850819941071;0.212413454122505;0.159232349689276;0.221108725484665;0.676393647450788;0.175620882958953;0.116312905231402;0.0635903399865148;0.460853314575451;1;1.4574422651523;VU
Devario apopyris;Cyprinidae;Cypriniformes;Devario;0.197136977434719;0.17285181199208;0.113717605617299;0.171907367199893;0.685872781159282;0.194907016536848;0.090288834648764;0.0705489846511679;0.537099107531889;0.683947123891463;0.931182392654225;VU
Heterocharax leptogrammus;Acestrorhynchidae;Characiformes;Heterocharax;0.225614206721581;0.189461636173162;0.1063419793122;0.186014673656423;0.661982893072576;0.194025138296289;0.08939436545795;0.0703849349905769;0.594644389565853;0.642464530620095;1.02383999668831;LC
Ameiurus nebulosus;Ictaluridae;Siluriformes;Ameiurus;0.103123668611854;0.165468294787554;0.177215461323581;0.128901519362927;0.696324803907586;0.17323703938054;0.129630609319115;0.0619232333403477;0.453212892831955;1.62411688341504;3.4379090355395;LC
Heterochromis multidens;Cichlidae;Perciformes;Heterochromis;0.0969100130080564;0.189747352861114;0.114365377935011;0.13113179189176;0.50759717244797;0.252044420250434;0.132041276434613;0.093117172839734;0.570976467519405;1.32091369813019;2.50998971699691;LC
Pseudopimelodus schultzi;Pseudopimelodidae;Siluriformes;Pseudopimelodus;0.12306360329307;0.195177352375267;0.155859837349951;0.156081289827141;0.640177549786103;0.194290863820813;0.11530998044988;0.0743613648735198;0.533895532606541;1.33645974911767;2.46255144334066;LC
Corydoras imitator;Callichthyidae;Siluriformes;Corydoras;0.124933846097431;0.169142399100353;0.0342676863154032;0;0.587795694905419;0.244310787693226;0;0.0805707495545018;0.645360965120327;0.81690383558747;1.30496518865147;LC
Labeo longipinnis;Cyprinidae;Cypriniformes;Labeo;0.161538092554439;0.171957499289244;0.108172493124535;0.0736997477223525;0.650247116865391;0.196696157610782;0.0609275405418822;0.0862840104873011;0.466826781909884;1.43136376415899;2.57340203897354;LC
Mylopharyngodon piceus;Cyprinidae;Cypriniformes;Mylopharyngodon;0.106043484406878;0.178296961088493;0.147489376150648;0.119211199662942;0.698038223346457;0.142349228715977;0.135579525360926;0.0646627364671553;0.62328629894608;1.81266461080832;4.54408045258679;LC
Clypeobarbus pleuropholis;Cyprinidae;Cypriniformes;Clypeobarbus;0.185415242811923;0.189492897729671;0.125034033052169;0.15320670173237;0.626450540699269;0.169697830083647;0.103465289244316;0.0646925685914053;0.494343609219174;0.633468450763592;1.11230742989744;LC
Devario laoensis;Cyprinidae;Cypriniformes;Devario;0.160582080642462;0.203546488807144;0.207124683299123;0.219365375414898;0.641491322526416;0.206659820153831;0.099748945219771;0.0742077404939216;0.50202474743822;0.899382294474016;1.40886554448055;LC
Hippopotamyrus pictus;Mormyridae;Osteoglossiformes;Hippopotamyrus;0.113723354345079;0.168154665057397;0.0552875457404094;0.115087863842855;0.676363572414941;0.170474479266901;0.133835750868041;0.0756404702460211;0.810278836824782;1.4983105537896;2.00432137378264;LC
Ammocrypta vivax;Percidae;Perciformes;Ammocrypta;0.17107045768063;0.227748719654807;0.198187658816193;0.163707551133363;0.936994961069205;0.239494471056386;0.179446341979215;0.0452314101231369;0.421180480467667;0.906406568569867;1.54941064004524;LC
Hisonotus maculipinnis;Loricariidae;Siluriformes;Hisonotus;0.139097749245996;0.186316953398257;0;0;0.827207348583837;0.2498774732166;0;0.103147343600482;0.509294342555708;0.698970004336019;1.23752979749601;LC
Pterygoplichthys undecimalis;Loricariidae;Siluriformes;Pterygoplichthys;0.0801215367942112;0.214616796017654;0;0;0.776466473080221;0.232676890429536;0;0.123911383101293;0.525970683470498;1.70757017609794;3.27474602738613;LC
Corydoras loxozonus;Callichthyidae;Siluriformes;Corydoras;0.127948811627472;0.178782585560818;0.0340150995501396;0;0.552667005334904;0.224676927456566;0;0.113972324500045;0.499993635831824;0.770852018662068;1.24957539065545;VU
Labeo roseopunctatus;Cyprinidae;Cypriniformes;Labeo;0.158240365068014;0.185355600580135;0.1533390179928;0.128796851069693;0.671814655979124;0.154075274527032;0.113944764097968;0.067352976641043;0.539089253385138;1.32837958788285;2.38758184251122;LC
Nannocharax luapulae;Distichodontidae;Characiformes;Nannocharax;0.190078407759795;0.183494684798743;0.132679971430548;0.171233474889153;0.704810094423534;0.193847520256136;0.0937822216188247;0.0723761154853089;0.547973115013502;0.761793494021817;0.77340634291609;LC
Cnesterodon septentrionalis;Poeciliidae;Cyprinodontiformes;Cnesterodon;0.198834386194241;0.183941648050349;0.111295042238249;0.193733943382258;0.727175705479814;0.194432239389512;0.217970810742382;0.0566097816579929;0.391691059395036;0.602059991327962;0.92860338993776;NT
Dicentrarchus labrax;Moronidae;Perciformes;Dicentrarchus;0.15651441236821;0.196544597630357;0.232841356906323;0.166895915262349;0.720721088240054;0.200998536731144;0.135065622201497;0.0525543341289021;0.541904891942468;1.74437689678566;4.07921743574657;NT
Homodiaetus banguela;Trichomycteridae;Siluriformes;Homodiaetus;0.150598998057619;0.207954164329693;0.123476885313552;0.106827069432068;0.843777498648718;0.176072650289698;0.165854814332026;0.053169749867644;0.335082673901578;0.681241233061259;1.45823588328566;NT
Amphilius atesuensis;Amphiliidae;Siluriformes;Amphilius;0.0947487153753676;0.175445806443952;0.144589321162904;0.0808561765529829;0.839138049714389;0.185786677714977;0;0.0689752954914046;0.355408946409994;1.01283723274741;1.5837604374124;LC
Hopliancistrus tricornis;Loricariidae;Siluriformes;Hopliancistrus;0.122485405135088;0.252728671662389;0;0;0.840837604862199;0.272790385538889;0;0.117407679937216;0.443366817365301;1.16643011610191;1.63275662313798;EN
Raiamas senegalensis;Cyprinidae;Cypriniformes;Raiamas;0.16077215225227;0.218171804398579;0.248567649740643;0.186709378690099;0.744467314080829;0.198278651711399;0.0953138052830503;0.0698641401640234;0.664150555799154;1.11839860693261;1.78532983501077;LC
Corydoras napoensis;Callichthyidae;Siluriformes;Corydoras;0.138726445069505;0.119304839577492;0.0419018089189504;0;0.581231237325539;0.187009010316515;0;0.0744089942476889;0.587034064981266;0.716003327704972;1.46263800607612;LC
Labeobarbus brevicephalus;Cyprinidae;Cypriniformes;Labeobarbus;0.182349840662989;0.156592966641669;0.193719837114425;0.114745423318674;0.677547558458867;0.151819196569133;0.0963944293509188;0.0754309387116584;0.535891975590823;1.43229490868218;2.55342210541592;NA
Nemadoras hemipeltis;Doradidae;Siluriformes;Nemadoras;0.147587846008639;0.169599279472199;0.0860081844667304;0.0752623494538076;0.772083254311109;0.199670255163325;0.0789061559181762;0.0826620870014804;0.693665101170809;1.23804608397617;2.21112268814863;LC
Cobitis laoensis;Cobitidae;Cypriniformes;Cobitis;0.0984295306653218;0.225630016261353;0.0867330064075469;0;0.934175060332716;0.254679468227312;0.115498191819811;0.0539338992192612;0.486823087693429;1.06445800350883;1.40485175336382;LC
Dionda diaboli;Cyprinidae;Cypriniformes;Dionda;0.226595682731562;0.164108954253821;0.100137053686612;0.133077546309673;0.74543628916089;0.188384651251873;0.076779094971034;0.0601798552050668;0.567560059882913;0.71121822421322;1.14951597281895;EN
Horabagrus nigricollaris;Bagridae;Siluriformes;Horabagrus;0.16840443038939;0.14707607396449;0.119906738849605;0.154449860692075;0.779154597178313;0.196959501179466;0.0900233039779686;0.0798371592026576;0.561050540843049;0.961379599938587;1.37511621576406;EN
Amphilius opisthophthalmus;Amphiliidae;Siluriformes;Amphilius;0.0855029800176941;0.24454099003009;0.137520929975165;0.135540391909567;0.893052372876133;0.264852244908698;0;0.0805373442531701;0.406174446684242;0.866230538668517;1.4913338096819;DD
Hubbsina turneri;Goodeidae;Cyprinodontiformes;Hubbsina;0.187318365264266;0.173482400743418;0.0656236592624554;0.182990741827153;0.658278329842337;0.188538981390793;0.141630370761677;0.0705259825235382;0.590711236913584;0.791360961532227;1.19433447202516;CR
Rhamdia muelleri;Heptapteridae;Siluriformes;Rhamdia;0.140918532018321;0.231983764377078;0.0809848209721415;0.174713365432969;0.754131358920276;0.193396788997079;0.170248353140292;0.0615450050963331;0.432063854981158;1.3384564784055;2.23274881915246;LC
Corydoras oxyrhynchus;Callichthyidae;Siluriformes;Corydoras;0.108935776277722;0.174482496555328;0.0355873301685663;0;0.579125156047189;0.223924354668002;0;0.101236761658467;0.558623539601197;0.778151250383644;1.36097773693851;LC
Labeobarbus platydorsus;Cyprinidae;Cypriniformes;Labeobarbus;0.141359200529218;0.17188761295905;0.146130212243811;0.138530704122227;0.655405253620784;0.153958706329221;0.109321261383948;0.0766695328753851;0.561101383649056;1.63060168298766;3.55551286494596;VU
Neolamprologus petricola;Cichlidae;Perciformes;Neolamprologus;0.118049247395945;0.178970050972742;0.156868514493986;0.113927184472678;0.621679676440145;0.231538904146588;0.113883087320065;0.0845906474998987;0.627478771706898;1.16798608157378;2.00820786717869;LC
Cobitis puncticulata;Cobitidae;Cypriniformes;Cobitis;0.16568027265915;0.180337246319958;0.139762834668386;0.138200092399107;0.723039555371662;0.206139662594871;0.0891138355346772;0.0699128116394117;0.497033517754282;0.857332484926393;1.15776693671971;EN
Diplotaxodon argenteus;Cichlidae;Perciformes;Diplotaxodon;0.191496787729715;0.186712766923393;0.197157492911709;0.176087863171908;0.646686288757979;0.19829452319862;0.140774328356514;0.0872935886743585;0.474216835479147;1.33041376560759;2.27187068433412;LC
Hybopsis amblops;Cyprinidae;Cypriniformes;Hybopsis;0.221386582884402;0.200478316762337;0.179358632117973;0.141083313422625;0.73940575660112;0.205818878453956;0.108398255728812;0.0731192714087696;0.545790563396615;0.877597887877211;1.43139252401994;LC
Amphilophus lyonsi;Cichlidae;Perciformes;Amphilophus;0.0926609368836495;0.192984758470668;0.12081318728322;0.175534661106113;0.482884021455094;0.252359175065879;0.119966464337769;0.0968156212733362;0.583765663181876;1.20411998265592;2.21638326500295;EN
Hybopsis rubrifrons;Cyprinidae;Cypriniformes;Hybopsis;0.16489133823922;0.182668808382728;0.152168177275109;0.106055216686076;0.74705004464841;0.204409835139436;0.104793682252623;0.0691206384973803;0.534928670365955;0.901823888087067;1.3367384310126;LC
Richardsonius egregius;Cyprinidae;Cypriniformes;Richardsonius;0.201429542780138;0.190818018070483;0.202960819240199;0.173273718443095;0.707299948183531;0.197053038454049;0.0952288553581562;0.074751680712331;0.585766219976314;0.779348947966543;1.14899827137064;LC
Corydoras pulcher;Callichthyidae;Siluriformes;Corydoras;0.117177052011982;0.162901093761272;0.0363949235423035;0;0.534731108472262;0.221973640191181;0;0.0981864590858482;0.622362952036352;0.778151250383644;1.34792405342913;LC
Labidochromis mathotho;Cichlidae;Perciformes;Labidochromis;0.153421930179167;0.181277161371897;0.0986799349481142;0.0961363906733633;0.57926932606352;0.19852748966317;0.133684155693475;0.104952347201762;0.527987062705515;0.995303781418203;1.69180894251319;DD
Nocomis effusus;Cyprinidae;Cypriniformes;Nocomis;0.193431350436198;0.184249581389404;0.163535553557217;0.126684065538534;0.792190281787352;0.215556632256504;0.0886311666784357;0.0686142493448207;0.497361432119592;0.693725205003356;0.814221716733293;LC
Cobitis trichonica;Cobitidae;Cypriniformes;Cobitis;0.177321015897241;0.177510613776336;0.122121318936634;0.146763681946851;0.682898215400835;0.196572676997725;0.0802953539377188;0.0653961224038717;0.519052136109553;0.830611642852653;0.92341376663142;NT
Discherodontus schroederi;Cyprinidae;Cypriniformes;Discherodontus;0.163030326745795;0.179384505508757;0.0976574108238582;0.141762163776002;0.657036848767388;0.193278498456148;0.0582586515663497;0.0702589778929209;0.55075256754677;0.871102584342867;1.28642948485179;LC
Hypentelium nigricans;Catostomidae;Cypriniformes;Hypentelium;0.143673761451661;0.211299969469293;0.130456470574728;0.0357753106913177;0.772395759085071;0.239703463124744;0.0783714355113108;0.0790218463130737;0.550877122935715;1.43871106860839;2.68214507637383;LC
Anabarilius maculatus;Cyprinidae;Cypriniformes;Anabarilius;0.176091259055681;0.218131943769823;0.22312865091775;0.223687930939689;0.758222387767944;0.175059255398942;0.127239562602129;0.0658213534890756;0.537671483659772;1.17318625729347;1.95922041220078;DD
Hyphessobrycon amandae;Characidae;Characiformes;Hyphessobrycon;0.18205695994333;0.17819038206302;0.120231298734146;0.168349592960999;0.578064774888147;0.170288657089539;0.0997373234050464;0.0743152180234364;0.714646933733275;0.481442624401558;1.29861143770328;LC
Sabanejewia caucasica;Cobitidae;Cypriniformes;Sabanejewia;0.095613292741331;0.23503603442035;0.1207975194853;0.0868394781393147;0.882921516060632;0.238508796529954;0.0505248499935545;0.0574431936317007;0.491947488780084;0.820120814792753;1.23093433274358;LC
Corydoras schwartzi;Callichthyidae;Siluriformes;Corydoras;0.117295042916743;0.151125362607613;0.0390225718751045;0;0.510855826378168;0.216118408418773;0;0.115597636577281;0.565894414161743;0.690196088481075;1.37625915278144;LC
Lacustricola omoculatus;Poeciliidae;Cyprinodontiformes;Lacustricola;0.155930778118781;0.174348249722495;0.128360106407629;0.147793548642003;0.653915806787404;0.157656310233431;0.10305914731207;0.0756920169650732;0.558833305385026;1.44125187682008;2.68801759830813;VU
Notropis girardi;Cyprinidae;Cypriniformes;Notropis;0.165249099946465;0.167477383814166;0.163476601755314;0.104443514360658;0.724683472445445;0.168384989808778;0.0933432158396449;0.0882474475837472;0.543400715424859;1.32203099507083;2.23320675384712;VU
Coilia dussumieri;Engraulidae;Clupeiformes;Coilia;0.191885526238913;0.143363587752072;0.318237296303723;0.124964914132888;0.761220318545245;0.117271324203543;0.0824387943840561;0.0332238681158934;0.528333812008103;1.32221929473392;2.29206480716744;LC
Distichodus brevipinnis;Distichodontidae;Characiformes;Distichodus;0.198290953163757;0.167349348078058;0.0428061122230245;0.139906247523749;0.553445483148748;0.1239158261204;0.089021657330528;0.060999771661115;0.583562028214822;1.77815125038364;4.11397675828985;LC
Hyphessobrycon copelandi;Characidae;Characiformes;Hyphessobrycon;0.211663904077018;0.199705803628208;0.100637023101355;0.207949158621307;0.597097531774312;0.168511390976304;0.0822422568789436;0.0563994599267594;0.590759956605423;0.689244009750243;1.07928530927435;LC
Anableps anableps;Anablepidae;Cyprinodontiformes;Anableps;0.195871421766501;0.25214169171031;0.154909651139952;0.212838486103778;0.879605064691312;0.21978549857531;0.137082668629563;0.0755873034205337;0.479857013652193;1.33182616861368;2.60314437262018;LC
Hyphessobrycon elachys;Characidae;Characiformes;Hyphessobrycon;0.206268272015996;0.175248936311792;0.120369877738739;0.190983764097698;0.591077326957434;0.176522821872513;0.0687752981118383;0.0724140194309437;0.645279709523692;0.477121254719662;0.929063310564975;LC
Sartor respectus;Anostomidae;Characiformes;Sartor;0.138614740760438;0.176662799616067;0.135342723798296;0.23732805541861;0.72594575785346;0.216342270796475;0.0981818599955197;0.0650639940425458;0.54785517183866;0.91686760758546;1.55201598203931;LC
Corydoras solox;Callichthyidae;Siluriformes;Corydoras;0.102365982458252;0.208904828643693;0.0290836963688898;0;0.610495246814046;0.249092799370819;0;0.0603280960635303;0.678500567802946;0.860338006570994;1.42479120862124;LC
Laides longibarbis;Schilbeidae;Siluriformes;Laides;0.196855778436815;0.185392361573207;0.121201171862942;0.20169631015044;0.725571844455715;0.179390420754778;0.151929088213935;0.0716759380355868;0.600116054223156;1.1818435824951;1.86162453570692;LC
Nyassachromis breviceps;Cichlidae;Perciformes;Nyassachromis;0.152918613716116;0.189056701678954;0.147986890985408;0.150884302092068;0.69765670946949;0.191323231728554;0.109211899324594;0.0684894482083137;0.561385803537205;0.984343167305745;1.60992011582651;CR
Comephorus baikalensis;Comephoridae;Scorpaeniformes;Comephorus;0.0959791806938012;0.22548303427145;0.35929805941504;0.167513421864235;0.788378138927933;0.234095979212643;0.196310901852392;0.146277434924284;0.632204974852628;1.34452253889554;2.22566381292495;LC
Distichodus noboli;Distichodontidae;Characiformes;Distichodus;0.168980366052469;0.15953569860702;0.0850146116759821;0.138666746526725;0.524947408897674;0.136219503308894;0.0829084551362326;0.0630681656588003;0.481864794685259;1.18240216161626;1.99891485936186;LC
Hyphessobrycon hildae;Characidae;Characiformes;Hyphessobrycon;0.189202310887628;0.176604773011689;0.103757348575718;0.17795102495604;0.623258051914125;0.193480002204161;0.0648961095306272;0.0687901514851838;0.655439615793853;0.459392487040176;0.749749998277054;VU
Anablepsoides elongatus;Rivulidae;Cyprinodontiformes;Anablepsoides;0.169142399100353;0.170395108198991;0.141109939617531;0.181502968520567;0.833114525809771;0.202321912789066;0.178680015570901;0.0729998111869442;0.53291547048453;0.805346336794638;1.24933903491302;NT
Hyphessobrycon loweae;Characidae;Characiformes;Hyphessobrycon;0.152090982651915;0.174843762673293;0.0952406121149023;0.179782285299756;0.545529541460924;0.179931208355938;0.0706977986274044;0.0821233697879304;0.660057754710654;0.61909333958727;1.26794372114933;LC
Schistura fasciolata;Nemacheilidae;Cypriniformes;Schistura;0.116163020106074;0.180451049481348;0.109663922764149;0;0.857677242760488;0.205657833425602;0.0850416887927087;0.0655953781803273;0.387795547085314;0.806969073879142;0.880305698783913;DD
Corydoras undulatus;Callichthyidae;Siluriformes;Corydoras;0.149750128726479;0.127226794765476;0.0400966674126626;0;0.530786280044561;0.180082171682339;0;0.119442418696718;0.554495266337109;0.732393767492885;1.43071589187955;LC
Lamontichthys filamentosus;Loricariidae;Siluriformes;Lamontichthys;0.0688610319880238;0.184466432746228;0;0;0.940367045985665;0.205224797969929;0;0.0916246237138845;1.04630001965297;1.2479732850816;2.22726775204507;LC
Ompok pabda;Siluridae;Siluriformes;Ompok;0.1249387366083;0.188302962968017;0.172645492707543;0.202962217680998;0.719971198559827;0.149293763270412;0.155419817242083;0.0628344855662376;0.611091789318593;1.73025623956871;3.70656770686732;NT
Congothrissa gossei;Clupeidae;Clupeiformes;Congothrissa;0.204863001625706;0.183534238858126;0.191140808210747;0.168456067492596;0.75135405068039;0.239673760690593;0.063213952719436;0.0642857037748993;0.585148397124863;0.653212513775344;0.888550398952715;DD
Docimodus evelynae;Cichlidae;Perciformes;Docimodus;0.108554927031057;0.190603793631867;0.133858125203335;0.153097125697269;0.553998753822836;0.197127924175291;0.123304744361028;0.0765627855849465;0.618717989200514;1.32428246314936;2.53655981472419;LC
Hyphessobrycon procerus;Characidae;Characiformes;Hyphessobrycon;0.204204349592196;0.181756962635425;0.102918182154621;0.170359248750851;0.705769415931938;0.185219767838172;0.0766230773516135;0.0628942317104596;0.457164924343922;0.633468450763592;0.99045463673704;EN
Anablepsoides jucundus;Rivulidae;Cyprinodontiformes;Anablepsoides;0.167752953294629;0.165114181623735;0.177695253893355;0.176618799927791;0.741659091475141;0.216522616014321;0.143903513417155;0.0685876369359214;0.424545312914247;0.755833459552557;1.3640407552814;LC
Hyphessobrycon pytai;Characidae;Characiformes;Hyphessobrycon;0.184218980965214;0.175891452130372;0.090366097216526;0.176357869716595;0.616274162141248;0.192074644834005;0.0647452830451987;0.0645054429818398;0.645434949999577;0.681241233061259;0.777250539653362;VU
Schizopygopsis anteroventris;Cyprinidae;Cypriniformes;Schizopygopsis;0.15155704715993;0.17344477013803;0.133136003272912;0.145768775115389;0.701289377535615;0.16184251842947;0.101508836774058;0.0621813160049716;0.557565611163303;1.4983105537896;2.94738327337141;DD
Cosmochilus cardinalis;Cyprinidae;Cypriniformes;Cosmochilus;0.174503177375269;0.172020162746279;0.144109292092438;0.136993587174705;0.557521713781;0.128898690413249;0.107161732839192;0.0849541410945237;0.547773595055838;1.5263392576672;3.30124708863621;EN
Lamprologus werneri;Cichlidae;Perciformes;Lamprologus;0.117551816822224;0.20744219231737;0.154496481608321;0.134461408877071;0.66545823388773;0.229277909171594;0.118059184710818;0.0772023781013245;0.510526482754805;1.2726391098885;2.52174381060578;VU
Oreochromis shiranus;Cichlidae;Perciformes;Oreochromis;0.102199316251815;0.207004474484547;0.101637240306222;0.177053019513547;0.527526386565076;0.170156215600402;0.141841450556367;0.129052770795528;0.438749036766727;1.60205999132796;3.17215576565469;LC
Copadichromis ilesi;Cichlidae;Perciformes;Copadichromis;0.153696650217355;0.186335190717528;0.145861827082929;0.186191245008531;0.590753220383149;0.202706430746784;0.108898805005885;0.0854568247141708;0.59175356324279;1.09377177615884;1.78109630120169;LC
Doras micropoeus;Doradidae;Siluriformes;Doras;0.14578497668013;0.192116047051714;0.05171755596595;0;0.740380455131112;0.236831266580112;0;0.0731320725661595;0.802169612970938;1.55630250076729;2.90405480369774;LC
Hyphessobrycon sweglesi;Characidae;Characiformes;Hyphessobrycon;0.171608701864169;0.199449328630108;0.101573833036775;0.202193971555593;0.548807900716322;0.176340665494855;0.0767607907758729;0.0577242963035925;0.682501889877331;0.623249295328561;1.13618702800653;LC
Anablepsoides peruanus;Rivulidae;Cyprinodontiformes;Anablepsoides;0.168466088070832;0.157098155711048;0.0991826843168055;0.162456805339256;0.761001161416685;0.218938437313181;0.123911823996697;0.0567897845532716;0.521352539401466;0.807594236676552;1.26001893664939;DD
Hyphessobrycon tortuguerae;Characidae;Characiformes;Hyphessobrycon;0.196918615373911;0.198375121196047;0.135841049312099;0.191879354083152;0.584759660426396;0.187921453011681;0.0766874243693317;0.0578612421564849;0.680647677647828;0.690196088481075;1.04112953815489;LC
Scortum neili;Terapontidae;Perciformes;Scortum;0.147802534541087;0.179318315157956;0.154679315744196;0.159513063616733;0.632953510520105;0.157391868987504;0.101519209201695;0.071435401065891;0.564101279825926;1.39794000867204;2.51253005510343;EN
Cottus amblystomopsis;Cottidae;Scorpaeniformes;Cottus;0.139548083645198;0.202182856767349;0.201921167996072;0.121947232127731;0.795316975269781;0.212175942059232;0.261520019292183;0.107922149301534;0.564271430438563;0.97924911477382;1.45635451288943;LC
Lebiasina chucuriensis;Lebiasinidae;Characiformes;Lebiasina;0.166782817794994;0.203239938875257;0.196523657051902;0.192037472462;0.769726300875924;0.181461106610033;0.0958483133414716;0.0482759479074366;0.476264632341183;1.29132821978021;2.28856023756093;LC
Osphronemus laticlavius;Osphronemidae;Perciformes;Osphronemus;0.068343113664231;0.178919773558529;0.162584238253194;0.177277872087641;0.465015481061892;0.207528804811684;0.124951717866447;0.0818045334425043;0.444022051633876;1.70757017609794;3.59508358173969;EN
Copadichromis trewavasae;Cichlidae;Perciformes;Copadichromis;0.131786200515421;0.180876023288924;0.143261816528123;0.16548381089605;0.588636135029031;0.213901706313373;0.112170469045627;0.0910839750423925;0.58057632159363;1.0622058073841;1.79536252582831;LC
Doryichthys boaja;Syngnathidae;Syngnathiformes;Doryichthys;0.180040071927273;0.140114378548551;0.124751998983777;0.142009962667907;1.31448487989592;0.171414638150121;0.12320699399233;0.0294350454916952;0.530045242164251;1.6232492903979;3.24737087242672;DD
Hypomesus nipponensis;Osmeridae;Osmeriformes;Hypomesus;0.153665774752666;0.198366181270179;0.186798092639074;0.20939359860927;0.813358048669087;0.211760154001157;0.0965605968683303;0.0553845154835854;0.68206343099525;1.36295829946739;2.42633332274913;LC
Anadoras grypus;Doradidae;Siluriformes;Anadoras;0.118855654720223;0.186224072774826;0.107736928290818;0.160655440041938;0.675526584028121;0.149893366180867;0.093718144115632;0.123397812595676;0.518557081274328;1.19312460897435;1.92116605858355;LC
Hypophthalmichthys molitrix;Cyprinidae;Cypriniformes;Hypophthalmichthys;0.118721142931323;0.172043297368272;0.132239769387973;0.190863013133479;0.636772537177902;0.144726593929198;0.118571126228272;0.0823852995612574;0.559112339170132;1.76555868363172;4.6989786901388;NT
Sewellia patella;Balitoridae;Cypriniformes;Sewellia;0.12004009932109;0.198122290380047;0;0;0.842025234679781;0.247500856113099;0;0.069467622145351;0.442268516135742;0.76492299745944;1.16363948816907;EN
Cottus czerskii;Cottidae;Scorpaeniformes;Cottus;0.0997336990660521;0.217385269110985;0.23765142639372;0.125668977302066;0.775848218915216;0.221207324897931;0.230381944350309;0.10718707657088;0.579055407605521;1.10608066218687;1.79223998697574;LC
Leocottus kesslerii;Cottocomephoridae;Scorpaeniformes;Leocottus;0.119628707436184;0.224411127864708;0.194687107486381;0.133162052936045;0.780512575238839;0.252910361918545;0.197683272401588;0.100702715604509;0.528383497002198;1.12180033686733;2.09179691271866;LC
Oxyeleotris fimbriata;Eleotridae;Perciformes;Oxyeleotris;0.125179301759869;0.164129743722109;0.204138064437209;0.129180733859863;0.686518000082228;0.20633833072218;0.18001004953669;0.0695572236798817;0.461698872565489;1.27875360095283;2.25193907130406;LC
Copella eigenmanni;Lebiasinidae;Characiformes;Copella;0.233470624028029;0.17670975748898;0.0886212657249453;0.21392686512936;0.801370450778575;0.187918590861007;0.0807602215213529;0.0520256587278432;0.610702758253737;0.662757822677759;0.799672503659471;LC
Dundocharax bidentatus;Distichodontidae;Characiformes;Dundocharax;0.202222115912839;0.177037244229123;0.143287193364927;0.1524277696952;0.623564295132147;0.184903205292583;0.0885470093941059;0.0490804707113053;0.490943467136402;0.462397994328478;1.23570082832515;DD
Hypoptopoma thoracatum;Loricariidae;Siluriformes;Hypoptopoma;0.165104919635182;0.0921403395623602;0;0;0.829673431722416;0.212213785076729;0;0.0822387272546232;0.618704928006948;0.864849475612404;1.21748394421391;LC
Anchoa belizensis;Engraulidae;Clupeiformes;Anchoa;0.165270784655463;0.21387510380144;0.381812365760027;0.190161994304496;0.761188035984687;0.214936264925233;0.0938602634280225;0.051521021460501;0.446094908795867;0.832508924887868;1.45713984389752;LC
Hyporhamphus intermedius;Hemiramphidae;Beloniformes;Hyporhamphus;0.209958511626771;0.181584923403561;0.224658065130523;0.22911748883828;0.986200992839342;0.1964690649789;0.234951885150121;0.0384717569092999;0.71120446075303;1.14613795872342;1.86933737525383;NA
Sinogastromyzon puliensis;Balitoridae;Cypriniformes;Sinogastromyzon;0.102012758806154;0.186071067633594;0;0;0.854815284110729;0.226433535669295;0;0.0442319214224744;0.501174889994403;0.841920848623465;1.27570393626606;VU
Cottus leiopomus;Cottidae;Scorpaeniformes;Cottus;0.142446331674184;0.204563572396977;0.214209675232339;0.108414350733573;0.771736629101461;0.23366302785309;0.190842065035599;0.0816057812337834;0.544045922534488;0.973047944678676;1.57750211913677;NT
Lepidomeda vittata;Cyprinidae;Cypriniformes;Lepidomeda;0.14408789057342;0.20633241461158;0.163446622259611;0.176091259055681;0.677852475308653;0.172783423419865;0.105520283849933;0.0623584096334667;0.630029404984707;1.42299946531585;2.52804673806511;EN
Pangio alternans;Cobitidae;Cypriniformes;Pangio;0.201575011803295;0.170970409795156;0.12834387185325;0.165332764246481;0.676970755208979;0.187992145001502;0.0912018548045655;0.06740972697318;0.566281978651531;0.66464196479832;0.80840258522352;EN
Coptodon louka;Cichlidae;Perciformes;Coptodon;0.100601687575186;0.201451153634254;0.122222846181215;0.133751029553654;0.536746967353561;0.224195819627404;0.126253294729357;0.0725635321261394;0.531891262457715;1.2511491115725;2.28453552675878;LC
Ectodus descampsii;Cichlidae;Perciformes;Ectodus;0.160625944123568;0.194711642928693;0.149794697750271;0.154906815078068;0.664392825264341;0.232510540040717;0.0954242353891592;0.0845536490052188;0.593723745722139;0.899554694823906;1.43474754888542;LC
Hypostomus auroguttatus;Loricariidae;Siluriformes;Hypostomus;0.0872061319241346;0.181823472996783;0;0;0.7046752427465;0.214184281909555;0;0.10796216223715;0.617918149226829;1.41711843642102;2.62825190783344;LC
Anchoviella lepidentostole;Engraulidae;Clupeiformes;Anchoviella;0.213475260547495;0.198361949022457;0.268957171513192;0.190134435747382;0.72093247818819;0.184204294181013;0.068572445735636;0.0596049137417413;0.597696063111779;0.982276958643936;1.51851393987789;LC
Hypostomus brevis;Loricariidae;Siluriformes;Hypostomus;0.181738157882375;0.18373127216205;0.136369277958261;0.176968363770077;0.684165915975233;0.185589315080578;0.0916255671903232;0.0671509065301028;0.609239729234679;0.924279290992542;1.29470429973737;DD
Steindachneridion scriptum;Pimelodidae;Siluriformes;Steindachneridion;0.0995651388343873;0.19348551986849;0.179708639865303;0.11524590488653;0.781499801012307;0.149026424889726;0.124945251080902;0.0640350757852733;0.403934629348589;1.68960286900978;3.74044164494977;EN
Cottus reinii;Cottidae;Scorpaeniformes;Cottus;0.153573851194501;0.21960405228456;0.214193331117255;0.123543432727422;0.772545045423923;0.215647273663156;0.244236700219498;0.0847530718729675;0.590197627878367;1.11394335230684;1.67392712223298;LC
Leporacanthicus galaxias;Loricariidae;Siluriformes;Leporacanthicus;0.13578110187226;0.207515271311059;0;0;0.70146183103616;0.222308851902043;0;0.122766240679949;0.706496262593663;1.3443922811815;2.37340858914892;LC
Parakneria vilhenae;Kneriidae;Gonorynchiformes;Parakneria;0.164461816674664;0.15448938043402;0.0705523268740081;0.0268465494201403;0.874745936163719;0.177530633891645;0.0631807966291544;0.0833949237259105;0.639419679026755;0.9395374718271;1.21934284796374;DD
Coregonus artedi;Salmonidae;Salmoniformes;Coregonus;0.181420092560748;0.182501235368738;0.234160943149545;0.182501235368738;0.73602246032906;0.157530329977739;0.110528943749509;0.055589277128358;0.685645047969178;1.58283510731415;3.52517442783527;LC
Eirmotus octozona;Cyprinidae;Cypriniformes;Eirmotus;0.204120756214047;0.131379503981263;0.0689929975604761;0.12400402851336;0.601670774072415;0.178403109385783;0.0779408265952738;0.0689775934667537;0.522626450170837;0.658964837214757;1.21048768260938;DD
Hypostomus goyazensis;Loricariidae;Siluriformes;Hypostomus;0.160385569756274;0.185005700491064;0.127175905970821;0.151750360788119;0.660043462771942;0.17872795054625;0.100677189477141;0.071917749424835;0.561720693693401;1.09904991592799;1.69070942235768;LC
Ancistrus chagresi;Loricariidae;Siluriformes;Ancistrus;0.129814103669215;0.21067544049151;0;0;0.769772318810873;0.243433041421029;0;0.102320759098453;0.464486342320471;1.31175386105575;2.29413042030465;LC
Hypostomus hermanni;Loricariidae;Siluriformes;Hypostomus;0.162359789922573;0.188729700920136;0.128803532007989;0.165173843400374;0.657633232505492;0.184737126293404;0.10767325746913;0.0709784999877924;0.578609098607845;1.06252674671714;1.64695477834278;LC
Stomatorhinus polli;Mormyridae;Osteoglossiformes;Stomatorhinus;0.0769133845918028;0.164074040030956;0.0879211040456501;0.109446027761562;0.660764659127907;0.166677206351423;0.160590105914943;0.0712211866795922;0.589582182755035;0.869231725327942;1.88187521009264;LC
Craterocephalus cuneiceps;Atherinidae;Atheriniformes;Craterocephalus;0.208110870904807;0.186448146097011;0.145127957835051;0.186448146097011;0.691167907135243;0.170653878913779;0.218694743287307;0.0643159107061261;0.49084638581138;0.977723605288848;1.26936680016148;LC
Leporinus desmotes;Anostomidae;Characiformes;Leporinus;0.157512132037792;0.176613460629915;0.159231896210954;0.132953977697524;0.755607131223548;0.233525342352216;0.103317447550706;0.0666001093977235;0.610412065692728;1.04952321591869;1.59045256972233;LC
Parazacco fasciatus;Cyprinidae;Cypriniformes;Parazacco;0.142128294012076;0.18429998346866;0.135542464267474;0.136530372587025;0.61019722900041;0.18025122836424;0.117097246707944;0.0779055949741345;0.548029519297488;1.15836248059037;1.8565332230025;LC
Coregonus lavaretus;Salmonidae;Salmoniformes;Coregonus;0.156443546276748;0.186196685936472;0.170791201812763;0.170345472820446;0.718280260259521;0.128530787753251;0.110061609542767;0.05184332935837;0.604618296949843;1.7712106069343;4.00004342727686;VU
Elassoma okefenokee;Elassomatidae;Perciformes;Elassoma;0.186677515218648;0.130913080361973;0.162486496911299;0.131646615210291;0.642445650373579;0.220147178199662;0.126248405540861;0.0622644946252792;0.463796272742559;0.7470849765817;1.35530005703308;LC
Hypostomus luteomaculatus;Loricariidae;Siluriformes;Hypostomus;0.154290502410327;0.171863286796693;0.131967913216477;0.147428674948555;0.668082886502783;0.162230205104813;0.104193261669766;0.0702569383114819;0.560829116110149;1.46239799789896;2.65735846536021;LC
Ancistrus formoso;Loricariidae;Siluriformes;Ancistrus;0.0498087484643543;0.241314520832186;0;0;0.886206446673961;0.273267752322112;0;0.10065998452284;0.533279011144565;0.94939001129857;1.70065079732124;VU
Hypostomus margaritifer;Loricariidae;Siluriformes;Hypostomus;0.120355851481514;0.200919061218346;0;0;0.771215996018375;0.227534757614965;0;0.121024354434351;0.651494620134471;1.52139734441114;2.98650302632432;LC
Synodontis iturii;Mochokidae;Siluriformes;Synodontis;0.115498926640986;0.209937649232713;0.09797733407092;0.10160961851483;0.767730747856461;0.21573163528129;0.0516718271629732;0.101785708806351;0.669011951100205;1.37992062802544;2.32306970139043;DD
Creagrutus anary;Characidae;Characiformes;Creagrutus;0.193976673515464;0.177036878028992;0.128046899317029;0.136519484854012;0.688048229674024;0.195561017697358;0.0694157240240758;0.0523754064108781;0.553552238156848;0.740362689494244;0.813822227135623;LC
Leporinus multifasciatus;Anostomidae;Characiformes;Leporinus;0.17788155238149;0.134211139686704;0.102593342353813;0.131004948618794;0.691284962451645;0.165985001638895;0.0626060206694544;0.0500390466992939;0.692727349136334;1.35010933623359;2.45692067620547;DD
Pelmatochromis buettikoferi;Cichlidae;Perciformes;Pelmatochromis;0.131162891380782;0.195273680147205;0.144129227310681;0.147132227153221;0.540442903416338;0.251000451400647;0.119313303251622;0.119463080272141;0.472719627132786;1.06664084117034;1.78662459563845;LC
Coregonus pidschian;Salmonidae;Salmoniformes;Coregonus;0.182760229217362;0.17552465889579;0.190788578988437;0.154126785829365;0.742709966422309;0.122226139473375;0.102483141852997;0.0442243892565167;0.592653736575443;1.70757017609794;3.72320230227813;LC
Eleotris melanosoma;Eleotridae;Perciformes;Eleotris;0.156512065427493;0.196278799510471;0.30282549896635;0.177663059319839;0.735224113935698;0.177318553206017;0.221842492691689;0.0773753297254285;0.447133734091805;1.43136376415899;2.54865466229394;LC
Hypostomus plecostomoides;Loricariidae;Siluriformes;Hypostomus;0.0913507925449883;0.187336781905183;0;0;0.739655715691703;0.2453639706324;0;0.107454591625635;0.628474553516819;1.39257745744512;2.60757032181491;LC
Ancistrus lithurgicus;Loricariidae;Siluriformes;Ancistrus;0.181573274630508;0.211674828073159;0;0;0.851754024422763;0.242478751143569;0;0.147004250335284;0.459724741981389;1.1522883385496;1.61582623479147;LC
Hypostomus pyrineusi;Loricariidae;Siluriformes;Hypostomus;0.107893389504206;0.198838433264832;0;0;0.716790807688243;0.242022812443051;0;0.105206575513191;0.673153522249928;1.42844282136133;2.66476694533389;LC
Taenioides cirratus;Gobiidae;Perciformes;Taenioides;0.0358455540528644;0.300259986168309;0.119511038922029;0.279292281723504;1.20481643444484;0.29919203572974;0.21305774276715;0.0138325965464028;0.397940008672038;0.964044434258275;1.73969034072756;DD
Creagrutus caucanus;Characidae;Characiformes;Creagrutus;0.173871272653421;0.176672941082615;0.159641160647058;0.14039418227387;0.660293518436736;0.186575922253555;0.0755696921190994;0.0730042323074586;0.500975126632025;0.968482957460935;1.25619667588536;LC
Leporinus striatus;Anostomidae;Characiformes;Leporinus;0.193815140328387;0.169878880188151;0.0584450760261882;0.124130693268544;0.680084649984976;0.161529661169161;0.0932003515359259;0.0773521663825874;0.629054755682771;1.14201153612815;1.95749209605516;LC
Perissodus microlepis;Cichlidae;Perciformes;Perissodus;0.140504836781571;0.224650914988918;0.167847136201112;0.214083304579696;0.643263033052553;0.205266368978792;0.140918660712453;0.0645733440272121;0.550108398771248;1.33096921339363;2.33379775878099;LC
Coreius heterodon;Cyprinidae;Cypriniformes;Coreius;0.0859146287065932;0.118038955926961;0.186081854503065;0.0797543397569158;0.738031011638434;0.145315220684432;0.0725539859996992;0.0756169051512993;0.493690776893682;1.59741487960536;3.35237549500052;NA
Ellochelon vaigiensis;Mugilidae;Mugiliformes;Ellochelon;0.183622751281536;0.176093407310823;0.166688705543753;0.194054295069988;0.669595848602799;0.108005473232832;0.176093407310823;0.0836283361091808;0.470427694722193;1.18847954453688;1.98998242438027;LC
Hypostomus topavae;Loricariidae;Siluriformes;Hypostomus;0.119598828895196;0.178219894209337;0.15658071125235;0.149710821607705;0.646233368166548;0.159721133069152;0.106984437124373;0.0730074779862752;0.559438332920706;1.85125834871908;4.02371403870493;DD
Ancistrus occloi;Loricariidae;Siluriformes;Ancistrus;0.167985063117065;0.171782597808073;0.14319357447455;0.147315003573446;0.665193094663187;0.170231638508775;0.0960194929677296;0.0695271600706226;0.540766366617121;1.10037055826599;1.69088755236709;LC
Hypostomus varimaculosus;Loricariidae;Siluriformes;Hypostomus;0.13056835603158;0.194317584152816;0;0;0.712464547124789;0.232457375946279;0;0.123176573965791;0.672994222247756;0.845098040014257;1.59500333464146;LC
Tetraroge barbata;Tetrarogidae;Scorpaeniformes;Tetraroge;0.0580890955632317;0.19313855111453;0.135995952297605;0.0990630196773409;0.571440684817027;0.212927065836561;0.133982894091525;0.109714663719704;0.551536091055512;1.41475974704833;2.66917272576516;LC
Creagrutus guanes;Characidae;Characiformes;Creagrutus;0.175128582662832;0.174427008584153;0.141534632720225;0.13356576233609;0.673336838178593;0.187703289001636;0.0710006352358064;0.0707714361986842;0.50884909095388;0.918554528551839;1.09261731747684;LC
Leptobarbus melanotaenia;Cyprinidae;Cypriniformes;Leptobarbus;0.182113110771457;0.158703957473275;0.08049507806869;0.144372117709571;0.679034603387448;0.166917854277058;0.0666861172226094;0.0754924319836161;0.58729707440209;1.02653047835418;1.66651844439863;LC
Phenacogaster beni;Characidae;Characiformes;Phenacogaster;0.2032608032951;0.178409235960648;0.141987277857977;0.172724292938878;0.665445606463542;0.192649537715433;0.0825106428902297;0.0696906871377963;0.575712620107757;0.670245859269057;0.847594447865195;LC
Coreoperca whiteheadi;Percichthyidae;Perciformes;Coreoperca;0.136887378943325;0.190669719334018;0.270684964145524;0.146327363297697;0.596067584666021;0.175340219020334;0.122317977797276;0.058827278771322;0.455868584010867;1.35793483246798;2.43898097857715;LC
Enneacanthus chaetodon;Centrarchidae;Perciformes;Enneacanthus;0.14135515965824;0.187144557778043;0.0956104725297157;0.170296038520067;0.47050010392184;0.204234378959835;0.124337363819922;0.0828523239546213;0.577966134859419;0.925205050545868;1.64383407147076;NT
Hypseleotris guentheri;Eleotridae;Perciformes;Hypseleotris;0.144162782595675;0.160556609687842;0.110223390975842;0.151167156985611;0.702513652526898;0.184622786100216;0.188727859252317;0.0738925063476338;0.516071036183268;0.929418925714293;1.58741061754986;NA
Ancistrus triradiatus;Loricariidae;Siluriformes;Ancistrus;0.0981481096354371;0.239080942145355;0;0;0.810783983399555;0.279166955054382;0;0.116173361505053;0.456341196939408;1.00860016364083;1.68785784516816;LC
Hypseleotris tohizonae;Eleotridae;Perciformes;Hypseleotris;0.165818373540165;0.187412678212352;0.127632172139042;0.187355330188028;0.650353298068622;0.193958267533342;0.101786079478399;0.0717372041738709;0.58368804983103;0.813596092445867;1.34071283849445;NA
Trachelyopterus amblops;Auchenipteridae;Siluriformes;Trachelyopterus;0.145739802000222;0.176215341043085;0.149100799915164;0.135662569346796;0.673527103577116;0.17378316446702;0.100147439329679;0.0750893900074676;0.526857452870818;1.30102999566398;2.12025796528101;LC
Creagrutus maxillaris;Characidae;Characiformes;Creagrutus;0.195356469693529;0.182997411735599;0.201276952423755;0.143622802859053;0.729905970061267;0.191297017137074;0.0724443052802019;0.0739794940397899;0.513552224802123;0.913813842281875;1.12458844533262;LC
Leptocypris weeksii;Cyprinidae;Cypriniformes;Leptocypris;0.17491281787301;0.199829106010467;0.248037410911025;0.193201083205765;0.808836942966449;0.227916935443372;0.0870489250523881;0.0603241874729765;0.631407743667205;0.972170840777083;1.24890713881466;LC
Pimelodella altipinnis;Heptapteridae;Siluriformes;Pimelodella;0.184091212425801;0.183387456175753;0.126216072293281;0.166393974342957;0.66236533707641;0.186383512683763;0.0952559425204113;0.0720563157480984;0.552138315516446;0.869231725327942;1.11793870623787;DD
Corydoras amandajanea;Callichthyidae;Siluriformes;Corydoras;0.123456336063049;0.158411727869544;0.0313651973708692;0;0.602820298111954;0.235811867589213;0;0.0974403978962772;0.557779328292342;0.837588445459502;1.29730410681831;DD
Epapterus dispilurus;Auchenipteridae;Siluriformes;Epapterus;0.197038773332747;0.164426060541336;0.0818389605828027;0.177749123844109;0.771819749356356;0.139659178109433;0.132868996695614;0.041436093141204;0.466102217201436;1.21484383794586;1.64345267648619;LC
Hypsibarbus suvattii;Cyprinidae;Cypriniformes;Hypsibarbus;0.190790557858231;0.16460960941556;0.124807700043958;0.143258016628565;0.524951856291787;0.107741321719704;0.0996392901576602;0.0829352594925165;0.555447055506965;1.55630250076729;3.09460028605722;DD
Anduzedoras oxyrhynchus;Doradidae;Siluriformes;Anduzedoras;0.184614260147412;0.178125343815911;0.121473785635371;0;0.754856525968762;0.235599069638317;0;0.0583651248109344;0.813354638118827;1.52244422355616;3.00018580307288;LC
Hypsolebias flagellatus;Rivulidae;Cyprinodontiformes;Hypsolebias;0.164361462730714;0.188234232810083;0.13157619088845;0.18640442618882;0.639609965270288;0.192860614508873;0.0994061713963028;0.0721427024658293;0.583682652071759;0.787460482626255;1.31990107483312;LC
Trichomycterus latidens;Trichomycteridae;Siluriformes;Trichomycterus;0.159736203854664;0.177015514052186;0.134025678756219;0.13707843152781;0.65005432954392;0.176998795184931;0.0982409526448354;0.0787131780529673;0.525251742004269;1.09391997738076;1.58961527777918;DD
Creagrutus ortegai;Characidae;Characiformes;Creagrutus;0.176096547751537;0.193811151589823;0.139110160868592;0.14679386390169;0.638273366827437;0.177655702593973;0.0726390725225546;0.0796400970801878;0.515711079587768;0.909020861360918;1.04543649714976;LC
Lethrinops altus;Cichlidae;Perciformes;Lethrinops;0.152803914930051;0.187546653629629;0.0908527267668491;0.112994661962399;0.590874763085623;0.193695666114244;0.136810695928826;0.116393578760899;0.551143880730459;1.01230037814799;1.69547792429854;LC
Pimephales promelas;Cyprinidae;Cypriniformes;Pimephales;0.201557733556348;0.17605832202373;0.136799617324289;0.154507525684577;0.762967112023494;0.213960064509542;0.084146239092846;0.0648483769555041;0.541876674114784;0.763884947550758;1.11106229932396;LC
Corydoras atropersonatus;Callichthyidae;Siluriformes;Corydoras;0.132116477438582;0.158444248928449;0.0336348891960526;0;0.541364589916571;0.218055374121547;0;0.0995962982783252;0.559113478101116;0.740362689494244;1.34452426446711;DD
Epiplatys etzeli;Nothobranchiidae;Cyprinodontiformes;Epiplatys;0.168120465335016;0.204740039495771;0.103118471049164;0.149808672358041;0.77128008694368;0.204999826278496;0.14195074355599;0.0823821835620717;0.500543389630445;0.776263920013267;1.28564329303842;EN
Iberocypris palaciosi;Cyprinidae;Cypriniformes;Iberocypris;0.152011254189087;0.196024023945252;0.152568853017895;0.179952113374061;0.698519915452998;0.170106565017612;0.103293116838003;0.0805830265446;0.535461726276429;1.32221929473392;2.34524601286918;CR
Anguilla nebulosa;Anguillidae;Anguilliformes;Anguilla;0.12030010528487;0.163946787874762;0.200592894790222;0.127937941747063;0.69281284581197;0.157208938286107;0.0920498527728341;0.0670142062297967;0.581736076717066;1.7307079744115;3.84516007765195;NA
Ichthyocampus carce;Syngnathidae;Syngnathiformes;Ichthyocampus;0.221112334297373;0.168124148279849;0.107016464172673;0.120291455252174;1.22903107787982;0.171404678681546;0.129437963356398;0.0395130475136116;0.595062360520012;0.868473226539629;1.24407267945407;LC
Triplophysa dorsalis;Nemacheilidae;Cypriniformes;Triplophysa;0.136356317886222;0.18440631128516;0.121096004479152;0.12821860349044;0.636446650777962;0.18948880958201;0.101716429921218;0.0837156486286892;0.567310799664052;1.14963124164792;1.97695862258793;LC
Creagrutus provenzanoi;Characidae;Characiformes;Creagrutus;0.185947520223132;0.18729441002654;0.169686133928111;0.136694820310246;0.668865558720721;0.189078685210281;0.0816963687771726;0.0789456751426304;0.496293760511777;0.829946710646091;0.951061414390429;NA
Lethrinops mylodon;Cichlidae;Perciformes;Lethrinops;0.130051158282522;0.201646715464017;0.105645335272007;0.141592221889733;0.503836658354648;0.193123928959331;0.141023020021232;0.122937158807261;0.597922739641523;1.32633587655802;2.42112364484134;LC
Platypanchax modestus;Poeciliidae;Cyprinodontiformes;Platypanchax;0.194433190138031;0.191714495620333;0.118187651582359;0.202358116658054;0.556367075741331;0.140023414647082;0.18166625378184;0.0838040919465447;0.494859948297662;0.793726698556284;1.25671809167645;LC
Corydoras boesemani;Callichthyidae;Siluriformes;Corydoras;0.118407869449342;0.151725626836899;0.0362488590881453;0;0.562998523154229;0.23563703410199;0;0.118064312861028;0.548423126526386;0.735353573472337;1.41468423548635;LC
Epiplatys njalaensis;Nothobranchiidae;Cyprinodontiformes;Epiplatys;0.208244130933846;0.180909334857842;0.173242866826511;0.217268347005012;0.750343312179829;0.205822103538152;0.119816951267139;0.0713438087497876;0.504617428306022;0.686156852310483;1.16635671636019;NT
Iguanodectes geisleri;Iguanodectidae;Characiformes;Iguanodectes;0.212818076424173;0.175482762529966;0.123568482232394;0.182810870574788;0.776339000002138;0.213871007240626;0.0486555846485812;0.0666223985135151;0.616965339708351;0.814247594461443;0.949999376679802;LC
Anomalochromis thomasi;Cichlidae;Perciformes;Anomalochromis;0.113506268163005;0.200978423792028;0.0988133909442254;0.178564700900317;0.526290645728184;0.232699660798569;0.124419682633942;0.098367739823869;0.508285395689837;0.778151250383644;1.56264629115409;LC
Iguanodectes rachovii;Iguanodectidae;Characiformes;Iguanodectes;0.167473606378525;0.189140342172444;0.13018309320753;0.176680684420867;0.668246440577226;0.198328637589702;0.0955935402884458;0.0722406754139129;0.598440508504747;0.857935267017213;1.37043436675469;LC
Typhliasina pearsei;Bythitidae;Ophidiiformes;Typhliasina;0;0.228334351913229;0.121046852961525;0.174160539083156;0.71007991315814;0.295854991301454;0.15777241639139;0.0778729496801539;0.474858505944956;1.02938376994361;1.79980632782064;NT
Creagrutus zephyrus;Characidae;Characiformes;Creagrutus;0.192078514007219;0.20274286241356;0.159897817997675;0.157279370768366;0.719434655193125;0.215533165659747;0.0960479885069923;0.0715379578577755;0.550872481437387;0.697229344423073;1.31157117847139;LC
Lichnochromis acuticeps;Cichlidae;Perciformes;Lichnochromis;0.122546471054143;0.20441284139251;0.133042664859489;0.118540089642587;0.625461636704307;0.227322040721381;0.134931146378164;0.0873034933643111;0.555512458407028;1.01347506229957;1.70510197673993;LC
Pollimyrus nigricans;Mormyridae;Osteoglossiformes;Pollimyrus;0.165595446851816;0.176864770904634;0.128884424946314;0.123765605636487;0.678697522140472;0.185241475237623;0.100781522176057;0.0808479874931463;0.559523554918264;1.04139268515823;1.4795296043433;LC
Corydoras cochui;Callichthyidae;Siluriformes;Corydoras;0.110499924381645;0.176783679395623;0.0199996013692813;0;0.654002858819496;0.239976030254003;0;0.0879571321170504;0.524226665551548;0.544068044350276;1.16821176219274;LC
Erethistoides montana;Erethistidae;Siluriformes;Erethistoides;0.0886239302580205;0.191320576115243;0.165541076722373;0;0.762714994502344;0.219359949212662;0;0.115162165584368;0.51649840742061;0.927139269405731;1.4432915235664;DD
Imparfinis cochabambae;Heptapteridae;Siluriformes;Imparfinis;0.131926377184875;0.230940408760424;0.129198458052847;0.168207581502978;0.905402121227894;0.226141643063438;0.0877156270434001;0.0848174437203275;0.546714650638251;0.845098040014257;1.37877869394109;NT
Apareiodon ibitiensis;Parodontidae;Characiformes;Apareiodon;0.197326893819603;0.131272575419736;0.131040641486916;0.0895663891898334;0.79947836737347;0.189597934855171;0.0539409862711895;0.0677502809721618;0.541120797160622;1.08990511817396;1.53872934998887;LC
Imparfinis minutus;Heptapteridae;Siluriformes;Imparfinis;0.103547172076643;0.184694635892507;0.131474303197046;0.112987353715706;0.863290685588647;0.20256541453269;0.117135923064383;0.0653712420941927;0.644019510181288;1.11394335230684;1.97132647842732;LC
Xenotoca melanosoma;Goodeidae;Cyprinodontiformes;Xenotoca;0.150016863387842;0.161369602595912;0.131456811986077;0.158999954265148;0.566272312546934;0.178525276818649;0.123216200863577;0.0811121304076909;0.492424854151724;1.01073706178972;1.72832010110458;EN
Crenicichla cametana;Cichlidae;Perciformes;Crenicichla;0.183857575457924;0.174451363458669;0.241407467054605;0.16930271101501;0.803316870187256;0.197048386356393;0.15194749247838;0.0611064178408084;0.447612599179807;1.28555729183988;1.98927199941774;LC
Liobagrus mediadiposalis;Amblycipitidae;Siluriformes;Liobagrus;0.0804358706164651;0.172937763605431;0.0890193830480715;0.111317418121417;0.824352892793757;0.197439334855867;0.155731572379158;0.0498444450315323;0.365287924987092;0.919353868294668;1.49194193817724;LC
Porotergus gimbeli;Apteronotidae;Gymnotiformes;Porotergus;0.0613063136138646;0.200774091823734;0.197174126442228;0.166992475385234;0.965550191752028;0.17526338398352;0.15515963824637;0.0293703026888966;0.397940008672038;1.38308596557736;2.34412702080769;LC
Corydoras delphax;Callichthyidae;Siluriformes;Corydoras;0.149416350061808;0.145423822243058;0.0380930741811295;0;0.532861527808597;0.212964131555211;0;0.0775619739283901;0.601886098143841;0.770852018662068;1.43416969862506;LC
Erimyzon oblongus;Catostomidae;Cypriniformes;Erimyzon;0.155327477971385;0.185452324814761;0.0999413307949345;0.126991453087778;0.688713752129468;0.185147713813469;0.0698388475242117;0.0815198485492775;0.522309620091251;0.896522856598431;1.38177206131151;LC
Iodotropheus declivitas;Cichlidae;Perciformes;Iodotropheus;0.186505859561192;0.19015390136303;0.130669689527753;0.192987931471651;0.676796076565739;0.186812485435602;0.0963166793426482;0.0681295757786385;0.584933548989142;0.875639950240136;1.06097664477753;VU
Aphanotorulus unicolor;Loricariidae;Siluriformes;Aphanotorulus;0.109209135071689;0.21149314411724;0;0;0.779469897383903;0.253933834779465;0;0.0928070222696861;0.550179166160927;1.17318625729347;1.86683979376388;LC
Iracema caiana;Rhamphichthyidae;Gymnotiformes;Iracema;0.111658191996021;0.213190919306942;0.0895298774642549;0.194425108801619;1.25216770501463;0.166352093004426;0.130068658205511;0.0114140158061878;0;1.41383248150509;2.37181097173009;LC
Alestopetersius bifasciatus;Alestidae;Characiformes;Alestopetersius;0.199079864708563;0.179493031891243;0.145921684641103;0.184009871919462;0.60968057544723;0.172653635469362;0.0751707323995497;0.0779304459710475;0.621804400952094;0.826074790337379;1.3542626480647;LC
Cyprinion kais;Cyprinidae;Cypriniformes;Cyprinion;0.134185359356561;0.17828636383649;0.121295968021647;0.140707216815691;0.611591081992515;0.150776584381338;0.099844193554326;0.0769752981567148;0.449095121782375;1.02614422582888;1.70671779535603;LC
Lobocheilos falcifer;Cyprinidae;Cypriniformes;Lobocheilos;0.171186155695349;0.201750768258686;0.0906084934581085;0.144339740744211;0.706536541869237;0.184062271148335;0.101337807240132;0.0758004773968302;0.552925416672224;0.90991969826446;1.24099523182773;VU
Pronothobranchius kiyawensis;Nothobranchiidae;Cyprinodontiformes;Pronothobranchius;0.179147879364996;0.14151603359599;0.0889509335848418;0.179392510573021;0.710682572832361;0.196571363075596;0.110943974148021;0.0577296445144876;0.520559537841699;0.703291394521651;0.958076252978926;EN
Corydoras filamentosus;Callichthyidae;Siluriformes;Corydoras;0.117985774026933;0.185554709857183;0.0307174039382841;0;0.594892057764589;0.224233925707684;0;0.107151577368422;0.54430968153037;0.618048106692225;1.27320594686175;DD
Escualosa thoracata;Clupeidae;Clupeiformes;Escualosa;0.15817497464612;0.218748337359775;0.0863405881358362;0.212223948169395;0.64395672488736;0.18109987921337;0.0957211015696146;0.0541990576966996;0.56179270017061;1.04139268515823;1.53970115415237;LC
Ituglanis metae;Trichomycteridae;Siluriformes;Ituglanis;0.0749043442623723;0.168911625349788;0.133178257931573;0.101460591279231;0.904437025854736;0.165002456460753;0.0898183619775585;0.0173482027195017;0.442842447864518;1.4354977677399;2.52427992512552;LC
Aphyocharax erythrurus;Characidae;Characiformes;Aphyocharax;0.172363386536438;0.18335082102536;0.242350269141329;0.193547908877798;0.709259314124555;0.200948813894394;0.0792620444118195;0.0676223677385869;0.641931503365655;0.951080257933532;1.53293555031138;LC
Ixinandria steinbachi;Loricariidae;Siluriformes;Ixinandria;0.0818062697341531;0.232728326179684;0;0;0.85422395230421;0.241388289126375;0;0.0745005716860555;0.578123329176619;1.08919835736141;1.65723791123043;NA
Ameca splendens;Goodeidae;Cyprinodontiformes;Ameca;0.200147282504703;0.166004419096893;0.0765564273266519;0.171245818017575;0.626668214221382;0.147280235679919;0.113166835864511;0.0724686419979522;0.501944838444695;0.887662451116975;1.45690220732689;CR
Cyprinodon diabolis;Cyprinodontidae;Cyprinodontiformes;Cyprinodon;0.179344416453403;0.170425616821721;0.106009307687905;0.156660559176861;0.625022958332865;0.185673535190855;0.123333171182705;0.0681639716618926;0.492209925513886;0.787923151023905;1.3262210160198;CR
Loricaria lata;Loricariidae;Siluriformes;Loricaria;0.11728305616819;0.212060308018816;0;0;1.04042045793397;0.231764454504526;0;0.079020186549753;0.991207736875793;1.44715803134222;2.43418137405787;DD
Pseudobagarius inermis;Akysidae;Siluriformes;Pseudobagarius;0.0926291851521107;0.217947650133245;0.141495618158172;0.138449780484311;0.773189787852066;0.204922428759276;0.109695435877713;0.084641503602026;0.559567085522336;0.655138432978747;1.50375209759567;DD
Corydoras griseus;Callichthyidae;Siluriformes;Corydoras;0.136473187244039;0.170655853372857;0.0286401869875458;0;0.618034797888488;0.226050232783101;0;0.0997181970332267;0.552298259134131;0.716003327704972;1.26175634331317;EN
Esox reichertii;Esocidae;Esociformes;Esox;0.148286919072882;0.190212737928183;0.367121060802369;0.103777825384638;0.865773842453683;0.210366918207892;0.072455116233714;0.0398729979520522;0.573828506415175;1.78499685759085;4.30105170984523;LC
Jordanella floridae;Cyprinodontidae;Cyprinodontiformes;Jordanella;0.162660579029406;0.205470178069176;0.0602063280694983;0.201313775433216;0.549325764760066;0.160856368329685;0.107091438812542;0.0729920703307362;0.529033799617872;0.956977624229861;1.52462606949485;NA
Aphyodite grammica;Characidae;Characiformes;Aphyodite;0.202780533811143;0.171442796979654;0.195599318751484;0.160101546913774;0.664979447033993;0.176985709332586;0.0641607519643848;0.0699286862192375;0.548018434228077;0.821688990235059;0.985186016348801;LC
Julidochromis ornatus;Cichlidae;Perciformes;Julidochromis;0.141448183823261;0.217001711557478;0.144096457954277;0.13044963093198;0.71027368510648;0.241020504931298;0.154189250730303;0.0845818594366349;0.451892039343028;0.881211286716463;1.57886093517716;LC
Anablepsoides taeniatus;Rivulidae;Cyprinodontiformes;Anablepsoides;0.171322565826561;0.244837224654541;0.154192845915265;0.268500280231497;0.771238421077394;0.231619228562734;0.193449193709052;0.0746551469281747;0.38611251232749;0.740724001195476;1.25628937686709;DD
Cyprinodon pecosensis;Cyprinodontidae;Cyprinodontiformes;Cyprinodon;0.14910762796364;0.185862450665022;0.106582633369906;0.173251671523459;0.585427272645289;0.202723594118444;0.100706557879328;0.0755021492607516;0.421372014157417;0.808629069614991;1.36850380036457;VU
Loricariichthys nudirostris;Loricariidae;Siluriformes;Loricariichthys;0.157995974609855;0.174620446940705;0.117973743028269;0.14192958751348;0.683002400893458;0.171508399438487;0.0931079509660502;0.0655027325500862;0.560156722112227;1.38916608436453;1.95731989393089;LC
Pseudohemiodon platycephalus;Loricariidae;Siluriformes;Pseudohemiodon;0.140176078471898;0.175809719684417;0.130987549759476;0.128783000985212;0.656975621284425;0.178431417826588;0.0938085366334855;0.0754487176747301;0.55234572181608;1.27875360095283;2.13502584212737;LC
Corydoras kanei;Callichthyidae;Siluriformes;Corydoras;0.120424929404918;0.162329503100528;0.0361005642461833;0;0.547019071429041;0.224118919701511;0;0.11959906180869;0.542264092197739;0.681241233061259;1.32017529506679;LC
Etheostoma bellator;Percidae;Perciformes;Etheostoma;0.143305403605271;0.201168104066996;0.105420662474003;0.135625439122346;0.757965187477107;0.196677589730662;0.179767624121656;0.0930478452448444;0.477121254719662;0.850459370983026;1.38452705333398;VU
Jupiaba mucronata;Characidae;Characiformes;Jupiaba;0.200207183891907;0.187644117680569;0.103943550324348;0.186560170980644;0.663256636793695;0.196319697552658;0.0708736648319215;0.0677793459401391;0.591337149545645;0.716003327704972;0.789760139690594;DD
Aphyosemion calliurum;Nothobranchiidae;Cyprinodontiformes;Aphyosemion;0.169205358578849;0.174089057340137;0.102308454883667;0.208255445719813;0.804737845716163;0.203943363897665;0.121485819567415;0.0634589014655833;0.503721274986699;0.793057644487917;1.17723489602794;LC
Jupiaba polylepis;Characidae;Characiformes;Jupiaba;0.177603352785795;0.19647089249533;0.146227158643855;0.204966277035965;0.568429372583127;0.191810938514706;0.0659857589764001;0.0763102790955772;0.641915363270534;0.789609787974397;0.845098040014257;LC
Annamia normani;Balitoridae;Cypriniformes;Annamia;0.123810758892153;0.121849071876787;0;0;0.83520784062591;0.193630513307318;0;0.0658811800658352;0.670777440704692;0.944482681563248;1.60733409725482;LC
Cyprinus ilishaestomus;Cyprinidae;Cypriniformes;Cyprinus;0.120139853726531;0.226582251318942;0.176221686895397;0.252294307356971;0.711453596311805;0.210395490225667;0.0786851929018573;0.0617875720215098;0.602342966057631;1.39354864433997;2.47688139291756;CR
Luciobarbus mursa;Cyprinidae;Cypriniformes;Luciobarbus;0.109586319582118;0.168140973388721;0.162022563693204;0;0.806927592038804;0.192767258907348;0.12643049019614;0.0656077488114359;0.611200196195048;1.53232095587317;3.17101598929724;LC
Pseudotylosurus angusticeps;Belonidae;Beloniformes;Pseudotylosurus;0.202155658279138;0.168729754288398;0.898121307561564;0.165730437674713;1.24699606717269;0.173770411576269;0.122598033216067;0.0271540134184783;0.822028731059824;1.48855070574264;2.88386450626631;LC
Corydoras melanotaenia;Callichthyidae;Siluriformes;Corydoras;0.0998285898702056;0.152272550287775;0.0283127305112629;0;0.611100138039844;0.218219336790591;0;0.0957748483848077;0.574810095491415;0.832508924887868;1.2873781092322;LC
Etheostoma camurum;Percidae;Perciformes;Etheostoma;0.137434220114971;0.206314738617326;0.153128464735589;0.156090692042133;0.723756904268416;0.202146036154577;0.150932669806678;0.0857871124523647;0.410163550923075;0.876315798137336;1.49484748560771;LC
Kneria paucisquamata;Kneriidae;Gonorynchiformes;Kneria;0.192148151743191;0.191734946648251;0.123426498926342;0.193232461109934;0.680748480791605;0.195429834904438;0.0877721231077434;0.0681633122254872;0.58359714395451;0.765668549075645;0.917456368073441;LC
Aphyosemion ferranti;Nothobranchiidae;Cyprinodontiformes;Aphyosemion;0.193042529397859;0.18083604958087;0.117850473646427;0.186913701525097;0.675763351970128;0.195982740235177;0.11012782281355;0.0755322949003651;0.52399185740461;0.700078782706807;0.91895993273;LC
Knipowitschia caucasica;Gobiidae;Perciformes;Knipowitschia;0.160158541989053;0.265796515000787;0.234234869911046;0.227484610878204;0.840340774251943;0.250039684870633;0.208171951328718;0.0730350532238958;0.516016962672244;0.812428451425992;1.49715432873469;LC
Apistogramma hippolytae;Cichlidae;Perciformes;Apistogramma;0.142667503568732;0.195222753042228;0.0986341131723415;0.172158962970188;0.568791906032206;0.224339615189905;0.11153410991953;0.0507404873813875;0.572715865879817;0.643452685899267;1.56727221006811;LC
Cyprinus yilongensis;Cyprinidae;Cypriniformes;Cyprinus;0.143562034228761;0.194220979789211;0.134968618106241;0.142860960515766;0.629616322043652;0.194212907836176;0.0928697898059255;0.0804084846337069;0.548403810235674;1.03493009274727;1.65952075829314;EX
Lutjanus ehrenbergii;Lutjanidae;Perciformes;Lutjanus;0.162714166825002;0.18914666114818;0.165748575115673;0.161165759014656;0.670356380464893;0.190171160222567;0.100544881853909;0.0734322650818611;0.570780373633637;1.02237797293736;1.44364262318742;LC
Puntius brevis;Cyprinidae;Cypriniformes;Puntius;0.194286687048083;0.179136721406811;0.144315250330756;0.18360625086343;0.549876027226005;0.139654211456621;0.0853942702975765;0.0751351800336029;0.603646635676939;0.914225900381093;1.4476066690717;LC
Corydoras nijsseni;Callichthyidae;Siluriformes;Corydoras;0.120399823418122;0.144819974836081;0.0343159405454409;0;0.593260254421188;0.214765204705964;0;0.103035170316984;0.488897842872663;0.602059991327962;1.20273547011282;DD
Etheostoma collis;Percidae;Perciformes;Etheostoma;0.144833167436211;0.228324685330673;0.0990746158363444;0.184791441614844;0.749704302458986;0.18484689054226;0.205733774969163;0.0820996482887908;0.358836994778878;0.786300717891706;1.33957747269549;LC
Knodus moenkhausii;Characidae;Characiformes;Knodus;0.187621195322539;0.18057119333644;0.130625788338167;0.183805061861026;0.681903606471971;0.213076567391322;0.0678198579303601;0.0557150815728803;0.562656950951379;0.753217241608011;0.941954574205113;LC
Apionichthys rosai;Achiridae;Pleuronectiformes;Apionichthys;0.105501721057574;0.204044789062932;0.185749928130643;0.132160832847713;1.04325168102014;0.211635836374908;0.154598573998186;0;0.378068563581207;0.648360015634589;1.43020101208803;LC
Knodus smithi;Characidae;Characiformes;Knodus;0.18973360769622;0.194156973698899;0.180678362560546;0.173338692207715;0.59194250831041;0.178837405661221;0.090985030498052;0.086364262923677;0.600206465224134;0.873837225403156;1.41508845524071;LC
Aspiolucius esocinus;Cyprinidae;Cypriniformes;Aspiolucius;0.121043692724776;0.1790276640474;0.285854559143418;0.157983978608427;0.79699092477792;0.11303192449695;0.123111292872537;0.06187942511838;0.484100888157729;1.82856184723536;4.44711318013616;EN
Danio kerri;Cyprinidae;Cypriniformes;Danio;0.163740820669252;0.219726847355094;0.148343135218982;0.237452335845769;0.619463942575969;0.156838528034345;0.132810429431066;0.0747243061474217;0.57120718129158;0.944111390009531;1.52376557250351;LC
Lythrurus atrapiculus;Cyprinidae;Cypriniformes;Lythrurus;0.199100345798126;0.189894830118787;0.191531284906715;0.169031198361837;0.71242114336876;0.198225704269932;0.120103807455732;0.0710574840748273;0.578141804273992;0.790588793517147;1.04455245197065;LC
Rasbora hubbsi;Cyprinidae;Cypriniformes;Rasbora;0.204805148722093;0.187803291127792;0.166916612895361;0.205900073310956;0.651901430354888;0.162428550947369;0.0974033774903504;0.0732018023846359;0.545671203114373;0.8142877744305;1.40048582405962;LC
Corydoras pantanalensis;Callichthyidae;Siluriformes;Corydoras;0.100366064502396;0.15178340364256;0.0407933507146966;0;0.552626403739955;0.205767144110295;0;0.106599551890175;0.585323602224417;0.897627096533169;1.52004537645652;LC
Etheostoma douglasi;Percidae;Perciformes;Etheostoma;0.163396453111593;0.217068938862871;0.0792536191406657;0.143934868377427;0.744182484268661;0.195690913216443;0.155624781493318;0.0946395342278058;0.406798819182852;0.777777836685205;1.37912389134359;LC
Kryptolebias campelloi;Rivulidae;Cyprinodontiformes;Kryptolebias;0.158473892427054;0.186277496983463;0.125233030970768;0.164713057347336;0.669860451746577;0.185718404346146;0.0951039053526494;0.0715457579098133;0.565744997177308;1.08552689127388;1.71410227135641;CR
Apistogramma brevis;Cichlidae;Perciformes;Apistogramma;0.13917917572291;0.19253813206821;0.159072331660578;0.141754745406218;0.595646984094169;0.223648332882357;0.128460035168042;0.0678760981094092;0.388835803856707;0.690196088481075;1.56289847075368;LC
Kryptopterus bicirrhis;Siluridae;Siluriformes;Kryptopterus;0.164811360666184;0.208014082616977;0.0932734202011223;0.252424474674197;0.722739340975289;0.161298035965109;0.159889762281044;0.078960707090461;0.674916127197033;1.20411998265592;2.06772350157109;LC
Astyanax pedri;Characidae;Characiformes;Astyanax;0.177607761560711;0.17827727013746;0.134876573186646;0.165798792677329;0.651038987182154;0.183085417034648;0.0905164572436579;0.0724699841146436;0.547788039296221;0.944482681563248;1.20455337349034;NA
Dasyloricaria filamentosa;Loricariidae;Siluriformes;Dasyloricaria;0.152218292070655;0.172723205233041;0.13662482076202;0.147371648670997;0.628467648922206;0.164860853037948;0.0949771906319623;0.0695132573327815;0.55327682313137;1.52113809368417;2.23299611039215;LC
Macrhybopsis storeriana;Cyprinidae;Cypriniformes;Macrhybopsis;0.170532194214635;0.19662836452621;0.0956518659055609;0.113413325306304;0.773798634770805;0.218125474748994;0.0983195565105892;0.0651861409008003;0.585908331582826;0.818667430685537;1.15040336527149;LC
Rhamphichthys rostratus;Rhamphichthyidae;Gymnotiformes;Rhamphichthys;0.0576141067297784;0.163892475363145;0.0902267692129605;0.0571800672916707;0.977668064902094;0.134047549242612;0.152861418337206;0.0231149049151219;0;1.46682167304929;2.77890523410701;LC
Corydoras rabauti;Callichthyidae;Siluriformes;Corydoras;0.106717674736908;0.141923629773345;0.0353928856465396;0;0.531260871202355;0.222087190746463;0;0.116104857941949;0.467882646044557;0.778151250383644;1.28345361105029;LC
Etheostoma fonticola;Percidae;Perciformes;Etheostoma;0.186662570200163;0.196632614031873;0.138688717651799;0.130549625956359;0.794837073566199;0.22572211503359;0.159701172838524;0.0777136619871374;0.379547540272423;0.759854046840233;1.18330234759774;EN
Kurtus gulliveri;Kurtidae;Perciformes;Kurtus;0.103442892709102;0.181578900256176;0.203719667137069;0.184808361243279;0.562291293995678;0.174216573465118;0.174059281450809;0.0765285584564926;0.621954820044902;1.55539898227864;3.54062978690286;LC
Apistogramma gephyra;Cichlidae;Perciformes;Apistogramma;0.161190625635119;0.207789553192964;0.174229856759627;0.175062989611053;0.629292619153466;0.228892210689681;0.134084390936611;0.0774539714161171;0.531063340149661;0.633468450763592;1.27884271454522;LC
Labeo annectens;Cyprinidae;Cypriniformes;Labeo;0.110682929878594;0.199994010658877;0.120567302154922;0.0682051405922744;0.744858944119003;0.201737792914819;0.0523653540992711;0.0704481674279342;0.541905437145395;1.26717172840301;2.19604948235122;LC
Austrolebias carvalhoi;Rivulidae;Cyprinodontiformes;Austrolebias;0.122806885996212;0.15845264540181;0.0877197063377649;0.150131916639718;0.642423651266058;0.190599921963281;0.101373972150497;0.071705101035592;0.52781396295585;0.674861142489082;1.46421942608996;CR
Dawkinsia filamentosa;Cyprinidae;Cypriniformes;Dawkinsia;0.167501301511225;0.176092136316367;0.132013281607008;0.144320378462861;0.564264492041616;0.149911429200382;0.103749569127578;0.0819218689568406;0.651696650170394;1.29306988420525;2.19806049985946;LC
Malacoglanis gelatinosus;Trichomycteridae;Siluriformes;Malacoglanis;0.204799595080729;0.181866119989043;0.127880437471511;0.180958424649274;0.693916918775365;0.194309905050328;0.0676179280027174;0.0713296279141322;0.576039853086741;0.475671189709632;0.795748962932111;LC
Ricola macrops;Loricariidae;Siluriformes;Ricola;0.141232638151743;0.191806867960175;0;0;1.03920482737977;0.21732543329682;0;0.0703383384565002;0.866958748606972;1.34242268082221;2.34407071777065;LC
Corydoras serratus;Callichthyidae;Siluriformes;Corydoras;0.107776248932755;0.19713472252509;0.0355056421766611;0;0.55729883761916;0.23676578189866;0;0.0805099539200258;0.653783739083906;0.769377334528699;1.32620184242361;LC
Etheostoma inscriptum;Percidae;Perciformes;Etheostoma;0.155056507466052;0.189810846240659;0.136860295563325;0.0918884190814391;0.766101028615622;0.192203689594569;0.167808083057152;0.103203816419333;0.605498761812006;0.88819983601965;1.47737237611189;LC
Labeo curchius;Cyprinidae;Cypriniformes;Labeo;0.131872921590771;0.128114003273784;0.134763471354476;0.085222590099166;0.669767388701383;0.168382868711737;0.0533619775367829;0.0612681364844023;0.531463591239119;1.4894308672054;2.84079562224612;DD
Apistogramma juruensis;Cichlidae;Perciformes;Apistogramma;0.141526762992777;0.214864010956386;0.17986851417886;0.183577106350885;0.589711532147334;0.234016261728598;0.128842932231693;0.086300662093045;0.623296523304759;0.531478929223887;1.44945503397126;LC
Aaptosyax grypus;Cyprinidae;Cypriniformes;Aaptosyax;0.138308842118548;0.210222581642779;0.271529958019715;0.210222581642779;0.746565173906198;0.171720935614467;0.105027903230236;0.0584670179022771;0.638388476396259;2.11727129565576;4.47713573096112;CR
Barbus meridionalis;Cyprinidae;Cypriniformes;Barbus;0.136494810150527;0.211426819758025;0.153814810640146;0.142903975173464;0.734751543261876;0.184560523465916;0.114990251577694;0.0775499531498111;0.506413478684464;1.44715803134222;2.30319605742049;NT
Delminichthys ghetaldii;Cyprinidae;Cypriniformes;Delminichthys;0.15432251429351;0.156804412328439;0.151884446263204;0.121825419170822;0.69638424522604;0.173818652609142;0.0916307027052732;0.0659021356525726;0.512587133690506;1.14612803567824;1.77382339455553;VU
Marcusenius bentleyi;Mormyridae;Osteoglossiformes;Marcusenius;0.0817322955819021;0.204514556864687;0.0609039430992847;0.18375506607326;0.775456604974647;0.169375026314095;0.124879804181567;0.0666492511234572;0.512645883403497;1.44124723214017;2.44308705083244;DD
Rutilus kutum;Cyprinidae;Cypriniformes;Rutilus;0.166653640997526;0.176988255678982;0.15791199968147;0.156806050604249;0.658923053835112;0.166229678989157;0.0931348074498144;0.0701203400867901;0.560946817681941;1.2283475600002;1.9030524145922;NA
Corydoras splendens;Callichthyidae;Siluriformes;Corydoras;0.0992839626572563;0.144563931378329;0.0421581822039571;0;0.538787031258744;0.213039650659108;0;0.0774912795406857;0.528825481205115;1.03742648274152;1.61278385671974;LC
Etheostoma longimanum;Percidae;Perciformes;Etheostoma;0.177490754052722;0.181104269906379;0.146822935660123;0.162666330562793;0.720471038039139;0.200344279501175;0.124633480782288;0.0723147318663895;0.502499629988438;0.828776639663567;1.37073591149014;LC
Labeo kawrus;Cyprinidae;Cypriniformes;Labeo;0.138792493291628;0.179020005077148;0.101047720951951;0.140603970681886;0.652276441307537;0.172675884583802;0.0953123957703634;0.0745626403404619;0.537145767608307;1.48771828003777;2.7695796394031;LC
Apistogramma ortmanni;Cichlidae;Perciformes;Apistogramma;0.192855947047107;0.196778248831504;0.176241107375135;0.161292939625059;0.614449328186501;0.197255985686272;0.114072805408759;0.0931626215901039;0.476326451320733;0.707570167976848;1.03904064695241;LC
Abyssocottus elochini;Abyssocottidae;Scorpaeniformes;Abyssocottus;0.116083466426061;0.218055472014869;0.237214194210877;0.169750597221381;0.72971463381562;0.208899523619555;0.199712584210213;0.0596315343895451;0.388477527122663;0.971017761750678;1.66022302303531;DD
Betta brownorum;Osphronemidae;Perciformes;Betta;0.112312087262159;0.188344093787057;0.120221059855409;0.191050904093436;0.698080770512066;0.241271525682817;0.170070614644071;0.0693478159719321;0.455314262972228;0.555094438195089;1.48346470251452;VU
Denticetopsis macilenta;Cetopsidae;Siluriformes;Denticetopsis;0.0829456232684716;0.172073401716912;0.129803349175132;0.142790730713174;0.765099544415812;0.192607108491461;0.147676033782072;0.0508518806349896;0.617017324764987;0.886490714414677;1.83641919041658;LC
Marcusenius monteiri;Mormyridae;Osteoglossiformes;Marcusenius;0.129088609305272;0.159582354721285;0.0601049681856743;0.131129360426924;0.627410028771354;0.150801086847628;0.125273678373151;0.0722433366695467;0.778168493840253;1.57753078323296;3.20112389720738;LC
Sarcocheilichthys parvus;Cyprinidae;Cypriniformes;Sarcocheilichthys;0.172679385221608;0.175220717616892;0.115712227805073;0.119158207819604;0.703918702411825;0.172130618140916;0.075736138749501;0.0697533284603339;0.511955632133152;0.986771725726544;1.13672056111005;LC
Corydoras xinguensis;Callichthyidae;Siluriformes;Corydoras;0.116995590130695;0.15299290436288;0.0354604739874273;0;0.546892483652247;0.219382616396366;0;0.088937793349198;0.527268915860935;0.67209786234184;1.2591958639589;LC
Etheostoma nigrum;Percidae;Perciformes;Etheostoma;0.157111232973758;0.204983991954487;0.154544726528957;0.140248284777514;0.775451586395282;0.178977436235331;0.158555911769236;0.0864431832341581;0.561107348083378;0.977486497254166;1.63213045428692;LC
Labeo potail;Cyprinidae;Cypriniformes;Labeo;0.152000568373803;0.170787427422958;0.119298326989342;0.135532339517014;0.658682671762958;0.158473164108894;0.0973197907875132;0.0748308374930939;0.55439288527334;1.51347579742651;2.88717584480321;EN
Apistogramma rubrolineata;Cichlidae;Perciformes;Apistogramma;0.167654952653202;0.189892299726683;0.182148944166954;0.157610353072335;0.56905226078685;0.19386739808529;0.124413071652299;0.0911591820216417;0.51191259135453;0.698970004336019;1.28611318209593;DD
Acanthobunocephalus nicoi;Aspredinidae;Siluriformes;Acanthobunocephalus;0.200488893676281;0.165571678194907;0.133247091476916;0.15905578684291;0.674480256969086;0.193168754437975;0.0869876511749284;0.0689496893367944;0.540171801842759;0.472756453500803;1.11667449097265;LC
Brachyrhaphis cascajalensis;Poeciliidae;Cyprinodontiformes;Brachyrhaphis;0.195616338335163;0.169089893894218;0.150722684397027;0.213039544614983;0.683841909727047;0.19257493889234;0.155301925120243;0.0696641075940854;0.489970740861587;0.72272643207626;1.370649935324;NA
Devario acrostomus;Cyprinidae;Cypriniformes;Devario;0.172331012780276;0.184542400765584;0.199845520283532;0.207153979708606;0.592509308474375;0.183922160081643;0.090562538864033;0.0851270389039251;0.56881162991074;0.839752668233447;1.28555729183988;DD
Mastacembelus brachyrhinus;Mastacembelidae;Synbranchiformes;Mastacembelus;0.0991124855417682;0.167547125880059;0.155660062449461;0.0884899209362953;1.06738689814129;0.183361172399155;0.1442247667687;0.0257175371382773;0.833339431470958;1.24054923876132;2.26433345201174;LC
Schistura amplizona;Nemacheilidae;Cypriniformes;Schistura;0.116520306960251;0.163371601472881;0.112588872191085;0;0.811611550240063;0.199286285840717;0.0846794139480507;0.0545858890749091;0.406602068083478;1.00389117280461;1.25891709432146;DD
Cosmochilus nanlaensis;Cyprinidae;Cypriniformes;Cosmochilus;0.173551193902696;0.175506284851623;0.142497757006938;0.146776801985743;0.645721345398015;0.187443111657823;0.0765997628332447;0.0746186043081397;0.514860960653465;0.954242509439325;1.17186948798962;NA
Etheostoma perlongum;Percidae;Perciformes;Etheostoma;0.142532828927832;0.23529323267493;0.138884014501433;0.172916042018425;0.87894244440971;0.223785196243308;0.176083147087772;0.0727374019024196;0.480163067519505;0.780225227938082;1.2873602586436;VU
Labeo yunnanensis;Cyprinidae;Cypriniformes;Labeo;0.119472141730978;0.178891389224731;0.151311324271552;0.127040524972958;0.62429935919728;0.199354101367293;0.0788288580292843;0.0764465575356651;0.502675359192051;1.69897000433602;3.53855206153824;NA
Apistogrammoides pucallpaensis;Cichlidae;Perciformes;Apistogrammoides;0.142602218249175;0.186720742754191;0.132451090919328;0.169393515555044;0.568172043401934;0.212499904161177;0.138188000494009;0.0752423572150697;0.530634885381536;0.568201729663961;1.39279559178738;LC
Acanthodoras spinosissimus;Doradidae;Siluriformes;Acanthodoras;0.0682162305157594;0.174014153972882;0.172113232307941;0.106753830951319;0.684872689278749;0.200005115180168;0.0999911458238658;0.106457578567023;0.518341546729553;1.16731732911314;1.93290013978869;LC
Bryconamericus agna;Characidae;Characiformes;Bryconamericus;0.185221816655319;0.183735623612881;0.132183199279609;0.166962556407259;0.661056510844215;0.187866966801396;0.0782944431685268;0.071455053884254;0.563343534219969;0.8750612633917;1.14985129874042;EN
Devario devario;Cyprinidae;Cypriniformes;Devario;0.183140484757081;0.16553942504772;0.173141960098795;0.184088352566821;0.612197956090451;0.175694366903947;0.0662526659126014;0.0802034786044648;0.59192198682541;0.824207933720793;1.30294970930274;LC
Mastacembelus moorii;Mastacembelidae;Synbranchiformes;Mastacembelus;0.106586927420942;0.212012600963177;0.310460133907559;0.142359644435396;1.15878810266642;0.208984621329101;0.181006388072383;0.0148225681717439;0.650550843655086;1.39674422731648;2.21300078317252;LC
Schistura rikiki;Nemacheilidae;Cypriniformes;Schistura;0.0926181000415014;0.168454012968719;0.112971837059685;0;0.727486267398508;0.212648641218984;0.0998140280239261;0.061919265599872;0.348151280448631;0.544068044350276;1.27171735279218;DD
Cottus bairdii;Cottidae;Scorpaeniformes;Cottus;0.141646590050788;0.243502351524061;0.198030934319551;0.156928159041538;0.745128766090394;0.242762609242219;0.243502351524061;0.11352401461774;0.565380012671768;0.871869098640918;1.27303222018714;LC
Etheostoma rafinesquei;Percidae;Perciformes;Etheostoma;0.139722614275874;0.199590575012687;0.0975797402651331;0.0952190524737513;0.750301354434531;0.215482192941136;0.158712747283912;0.0971853357389754;0.504358945348611;0.840472886255791;1.39174594011111;LC
Labeobarbus marequensis;Cyprinidae;Cypriniformes;Labeobarbus;0.123064479269939;0.191972800258343;0.145156997444913;0.12984039221629;0.673263394779727;0.182688103362868;0.0798359824860682;0.0658034042429391;0.537375867678639;1.64257005281609;3.7782236267661;LC
Apomatoceros alleni;Trichomycteridae;Siluriformes;Apomatoceros;0.155952868797576;0.181996941439841;0.139264202643456;0.16097884982416;0.607636811357179;0.169665444096965;0.10254938000982;0.074490860257482;0.564839721913262;1.19312460897435;1.95349292302793;LC
Acanthopsoides delphax;Cobitidae;Cypriniformes;Acanthopsoides;0.126516982791537;0.199972204944608;0.0928899594772471;0;0.992756394969354;0.227217398058438;0.0567665888603387;0.0432868622921231;0.31526835149921;0.845098040014257;1.31286391869148;LC
Bunocephalus colombianus;Aspredinidae;Siluriformes;Bunocephalus;0.0844146397891946;0.226955858239972;0.190588479091928;0.193747400253741;0.881317741391985;0.173364923223872;0.173941751922024;0.0884261414278182;0.53786746333381;1.09691001300806;1.86348740259521;DD
Devario sondhii;Cyprinidae;Cypriniformes;Devario;0.202539110926288;0.16582605487399;0.212395286319983;0.186114015684905;0.697676844390736;0.194148353960441;0.082931117139041;0.0701388708882033;0.477121254719662;0.8750612633917;1.2336253052547;DD
Mastiglanis asopos;Heptapteridae;Siluriformes;Mastiglanis;0.137555304108793;0.230315084531176;0.223183725236298;0.119805559623308;1.03476687869982;0.259650752745972;0.169065340017476;0.0603953007208349;0.542155795881345;0.880813586831114;1.54359066659249;LC
Schizothorax oligolepis;Cyprinidae;Cypriniformes;Schizothorax;0.0990233723214555;0.213214507962704;0.154104668952708;0.14760002295015;0.752703885141232;0.21117980435755;0.110657169174903;0.069206225203617;0.527493174206632;1.32014627818425;2.41782696359762;VU
Cottus gobio;Cottidae;Scorpaeniformes;Cottus;0.146821296070452;0.231173067368604;0.173254368281749;0.176644574106168;0.844292373441342;0.250232476756992;0.175318821832342;0.0898459037720344;0.568116922439141;0.877825163409846;1.27128679970927;LC
Etheostoma segrex;Percidae;Perciformes;Etheostoma;0.105307139693889;0.224697249966567;0.180681838892454;0.18352060323939;0.754108823474651;0.211262272404308;0.19578162709136;0.0794670552967671;0.352747897537412;0.708420911481986;1.4047356801899;CR
Labidochromis heterodon;Cichlidae;Perciformes;Labidochromis;0.142640985375218;0.198298567272295;0.120401132059283;0.142420794601588;0.625247939389965;0.218798499000873;0.123462832556478;0.085223055267994;0.496159731945563;0.919078102356206;1.7737881874624;LC
Apteronotus macrolepis;Apteronotidae;Gymnotiformes;Apteronotus;0.173768409985197;0.179389003870322;0.159341001850604;0.16072218152734;0.643348742796882;0.186584470645942;0.102841934408401;0.0721010374455348;0.537394083300852;0.89508221110366;1.26216867968477;LC
Acapoeta tanganicae;Cyprinidae;Cypriniformes;Acapoeta;0.149981972182285;0.162019459441991;0.176021470451658;0.137121622209953;0.648058347460356;0.145851178748032;0.0825511564478331;0.0728617705960783;0.574816945106335;1.58936527360904;3.35237549500052;LC
Cathorops arenatus;Ariidae;Siluriformes;Cathorops;0.104191285357636;0.182234648178506;0.169893240749691;0.145776399913659;0.707316683805499;0.188701005499298;0.105001619492076;0.0631249853566133;0.520155886944864;1.41497334797082;2.4941681776645;LC
Dimidiochromis compressiceps;Cichlidae;Perciformes;Dimidiochromis;0.0986699320447585;0.187765063271019;0.18678829740135;0.151040918759715;0.61127072894342;0.226790251782234;0.129098867198736;0.0768189074540376;0.579227142357302;1.40769481266213;2.6646775496344;LC
Mazarunia mazarunii;Cichlidae;Perciformes;Mazarunia;0.155015947327059;0.172562493549433;0.0824327154193597;0.139771081446476;0.533511447099458;0.203751317757114;0.130482479023792;0.0926756277686784;0.522136618542552;0.79934056260201;1.36353962093088;NT
Semotilus thoreauianus;Cyprinidae;Cypriniformes;Semotilus;0.13649756530741;0.199232278628982;0.171383116397071;0.165549050599243;0.671575621084299;0.19369230558966;0.104123658348574;0.0556453183472748;0.481265543685606;1.00047231457352;1.83831679943397;LC
Cottus paulus;Cottidae;Scorpaeniformes;Cottus;0.150377370659419;0.258010341410144;0.172955704236512;0.190599192627633;0.675673055247494;0.228738170025859;0.228308559801192;0.105163951812386;0.536922441577133;0.832526944973245;1.35774366041653;CR
Etheostoma susanae;Percidae;Perciformes;Etheostoma;0.197361950753647;0.180136500441134;0.108984989440506;0.104899860655312;0.836272833826326;0.204951211106335;0.168818767659078;0.0835888387679131;0.527775845383171;0.735959281855403;1.23771660907468;EN
Labiobarbus siamensis;Cyprinidae;Cypriniformes;Labiobarbus;0.211098442237272;0.181129897115291;0.120374865938334;0.145190223880208;0.685934821378847;0.152966385962361;0.113892478127661;0.0763883458634547;0.56730693277621;1.35638403366834;2.406566452223;LC
Archolaemus blax;Sternopygidae;Gymnotiformes;Archolaemus;0.113943352306837;0.200574516587314;0.227162276619341;0.131385140276455;0.97515364449313;0.185151791417867;0.134857339557773;0.0282412614731236;0;1.41294079608818;2.15148243714216;LC
Acentrogobius simplex;Gobiidae;Perciformes;Acentrogobius;0.167378871877472;0.183822009887504;0.220470459541543;0.166134293371553;0.674248829216985;0.181342026301675;0.0917223098456796;0.0714277674482797;0.559200500803117;1.13635436123647;1.81045101942095;LC
Chaetostoma dermorhynchum;Loricariidae;Siluriformes;Chaetostoma;0.162538433207238;0.183127159437242;0.11863277403045;0.155232040351464;0.706996999395703;0.193629735235952;0.0830808380841892;0.0773531919837833;0.476017661139964;0.827393827388271;1.19412336843974;DD
Diplomystes camposensis;Diplomystidae;Siluriformes;Diplomystes;0.124298233187496;0.208854191823244;0.182450191834845;0.108580484191169;0.786323284729828;0.231745905480946;0.086796073008449;0.0777908022395467;0.430723570211708;0.906123504328484;1.53563697152184;VU
Megalodoras guayoensis;Doradidae;Siluriformes;Megalodoras;0.123662926622492;0.185576735590409;0.17088642323653;0.140521480239178;0.6588530991137;0.162006462665086;0.112851414793501;0.0719638601200751;0.547973708920117;1.73239375982297;3.84434147441413;LC
Sikukia gudgeri;Cyprinidae;Cypriniformes;Sikukia;0.190157532011109;0.192943665171811;0.128903423064694;0.153800663210646;0.579002262273125;0.150023241516793;0.114747582000799;0.0738679781490339;0.610798185560672;1.27875360095283;2.00551091205354;DD
Cottus sibiricus;Cottidae;Scorpaeniformes;Cottus;0.153863721514554;0.219909645129949;0.227438240842096;0.119022068550769;0.742992065752509;0.210868955093403;0.183269843682805;0.0963546634461601;0.624060195982002;1.05769945445685;1.62668538192471;LC
Etheostoma tuscumbia;Percidae;Perciformes;Etheostoma;0.164719986721769;0.188766645491394;0.134780915164688;0.145431731263862;0.766539716400672;0.200556148537417;0.154907930448991;0.0861845509456068;0.452758080076397;0.803486931565886;1.33694870792927;VU
Laetacara thayeri;Cichlidae;Perciformes;Laetacara;0.159657978597296;0.210602121679489;0.0647016287395572;0.154327248324268;0.52192793512773;0.205759118703527;0.142753607521432;0.11228754054016;0.478845001849978;0.887513232397752;1.63846888040838;LC
Ariopsis assimilis;Ariidae;Siluriformes;Ariopsis;0.129002960382885;0.208261356489041;0.176195549051942;0.164804203217957;0.737196343053423;0.145552080045076;0.117601009043167;0.078185840442872;0.398463922538387;1.37270175758516;2.5134020491697;LC
Acestrocephalus pallidus;Characidae;Characiformes;Acestrocephalus;0.181194660693811;0.187498116776647;0.356032641507331;0.176640243483461;0.660309103302469;0.186424463981131;0.0714054446282829;0.0696114749898812;0.685315123163338;0.848189128741058;1.49544679440396;LC
Characidium rachovii;Crenuchidae;Characiformes;Characidium;0.164015401314854;0.16183114306066;0.108594165694515;0.14534064332988;0.659716576330178;0.167094365447747;0.0403027853134076;0.0729605387116081;0.593396386314039;0.740362689494244;1.43081425193152;LC
Diplotaxodon macrops;Cichlidae;Perciformes;Diplotaxodon;0.207431011261928;0.204410711270753;0.163432176722534;0.209165490480214;0.589020135113235;0.212660833703815;0.141103090440086;0.089820402476445;0.568514616358557;1.13033376849501;1.67871044970073;LC
Melanochromis auratus;Cichlidae;Perciformes;Melanochromis;0.129004924238932;0.18727153091235;0.144645800512804;0.138076176779628;0.644721468828462;0.233114640965668;0.114472188099641;0.0867389636418366;0.48365212187862;0.987331804653132;1.55372879820453;LC
Skiffia francesae;Goodeidae;Cyprinodontiformes;Skiffia;0.186358600090725;0.157575532107093;0.0973643373355748;0.184046256979035;0.566724856993712;0.154255040072569;0.123292362815851;0.0944223865265158;0.665822786647656;1.12480832124312;1.82498002407173;EW
Craterocephalus lentiginosus;Atherinidae;Atheriniformes;Craterocephalus;0.199714154394832;0.161717899597791;0.202416030890062;0.162642143253742;0.708515268783827;0.198266819484463;0.207128375853896;0.0726311347421466;0.553227157048211;0.954242509439325;1.25803684233815;LC
Etheostoma zonifer;Percidae;Perciformes;Etheostoma;0.202520369496132;0.195779903328726;0.156126080355212;0.161141962868107;0.797324542026456;0.18872514123356;0.145484085169008;0.0840842019616328;0.490993445158537;0.756886194570726;1.28917749588698;LC
Laimosemion tecminae;Rivulidae;Cyprinodontiformes;Laimosemion;0.163787356388192;0.16299202223773;0.19277180077743;0.159565382732859;0.782787723273968;0.195493817009289;0.137753261670979;0.0638190635142982;0.514849888282797;1.14724380724206;1.94676774254836;NT
Aspericorvina jubata;Sciaenidae;Perciformes;Aspericorvina;0.158584606791116;0.17391338925029;0.133949060956389;0.155760645920951;0.625901279089178;0.168091603594247;0.100791361852237;0.071017001997859;0.554733516065146;1.23044892137827;1.97861163226969;LC
Acestrorhynchus isalineae;Acestrorhynchidae;Characiformes;Acestrorhynchus;0.185822267765237;0.19310168899151;0.40699139366774;0.178970841834253;0.869745815264357;0.221399304669804;0.0625992576126347;0.0538079758649042;0.723947521703923;1.0453229937119;1.68631321448406;LC
Chiloglanis occidentalis;Mochokidae;Siluriformes;Chiloglanis;0.0993000863658259;0.163697708884712;0.093817992129233;0;0.679633845959667;0.203517406339957;0.065481420251474;0.0802272685446887;0.490009860871137;0.826074790337379;1.38835641926984;LC
Discogobio yunnanensis;Cyprinidae;Cypriniformes;Discogobio;0.109433806199196;0.156262409793224;0.0962110917932623;0;0.781723974273753;0.211488983273172;0.0545905375817887;0.0605904267662478;0.424337779016514;1.19865709219715;1.56937389175303;LC
Melanorivulus zygonectes;Rivulidae;Cyprinodontiformes;Melanorivulus;0.200801362077381;0.190340854053425;0.0896631376706182;0.223083460314628;0.744094422054192;0.186360666936443;0.159375843735422;0.0648243578225145;0.474870606325697;0.740595402539543;1.02950782705438;LC
Steindachnerina amazonica;Curimatidae;Characiformes;Steindachnerina;0.169456871356973;0.173561868289366;0.121131633137631;0.136684881394952;0.638765617514882;0.169851548595954;0.0896326111222897;0.0667320077714496;0.536583700204665;1.03742648274152;1.64832838913121;LC
Creagrutus barrigai;Characidae;Characiformes;Creagrutus;0.167337728971681;0.18690842579901;0.0947998848733363;0.150418262234105;0.628387417422049;0.191135710969213;0.0794408148534893;0.0723646645200484;0.458630136139374;0.80140370478291;1.08063298421035;LC
Euchiloglanis kishinouyei;Sisoridae;Siluriformes;Euchiloglanis;0.080518959993178;0.180830450208124;0.260860426292894;0;0.885832728365427;0.202711796044119;0;0.0861839977294007;0.505477799748234;1.32379988352424;2.39482425482488;NA
Lamprologus speciosus;Cichlidae;Perciformes;Lamprologus;0.148930908473452;0.201684097743775;0.191077914155127;0.149703798630399;0.683431569156886;0.235403928919697;0.135154425473488;0.0744118629062005;0.500198868430252;1.29248026199724;2.39376687594991;NA
Aspidoras pauciradiatus;Callichthyidae;Siluriformes;Aspidoras;0.128535443606372;0.152381912575609;0.0252828414166983;0;0.648869532764561;0.223154852701468;0;0.0787331194304795;0.574031267727719;0.591064617646384;1.30701245156645;LC
Acheilognathus barbatus;Cyprinidae;Cypriniformes;Acheilognathus;0.168893620092113;0.17115858806748;0.142256848230321;0.155360046968511;0.519733959009386;0.14231267538184;0.0998698593880154;0.0771729742528261;0.445706857282016;0.998296866340909;1.526645970403;VU
Cichlasoma araguaiense;Cichlidae;Perciformes;Cichlasoma;0.116902781011758;0.194918657451293;0.0983702163973343;0.153245871270731;0.494773822981433;0.228880936593013;0.123194130585631;0.0682487203353587;0.473543724907923;1.21748394421391;2.18460627015281;LC
Distichodus langi;Distichodontidae;Characiformes;Distichodus;0.153073948223611;0.1586906840333;0.103085333325813;0.131295849879098;0.585856681202411;0.139869692389653;0.096799840934409;0.0689419046250745;0.548608021695608;1.57287161991922;3.20349471207012;DD
Mesonauta acora;Cichlidae;Perciformes;Mesonauta;0.164042254667157;0.206549287709148;0.0838918800184854;0.173212265142855;0.443735121692407;0.160286124752061;0.152782666839207;0.104063986038218;0.467714213265198;0.908485013765372;1.45819106974742;LC
Stolothrissa tanganicae;Clupeidae;Clupeiformes;Stolothrissa;0.206776349637785;0.178450535518706;0.160370237382712;0.148091998843922;0.770803152630666;0.211483082557309;0.0783508695351288;0.0508908156375396;0.498606068558937;1.04139268515823;0.903089986991944;LC
Creagrutus cracentis;Characidae;Characiformes;Creagrutus;0.187093387554302;0.187895167722276;0.0845974670795422;0.138632077526872;0.789367532536733;0.230027841000911;0.0602305201142939;0.0708313652920136;0.47601763534481;0.77980932018376;0.536558449795521;LC
Eugnathogobius microps;Gobiidae;Perciformes;Eugnathogobius;0.0755225356192736;0.255320371416909;0.423130702033225;0.228612346527311;0.746778615134128;0.217004160878258;0.218393950801714;0.0884028140684799;0.376715170398007;0.562292875803748;1.62394074450091;DD
Lates niloticus;Latidae;Perciformes;Lates;0.122967328850892;0.150741805000474;0.292092019179405;0.121239218182871;0.586026308093385;0.131590922779631;0.138178124597749;0.0699711045757214;0.467695144068773;1.8942110652651;5.30103216713096;LC
Asprocottus abyssalis;Abyssocottidae;Scorpaeniformes;Asprocottus;0.142467682144604;0.209034776656671;0.247850566973534;0.13723007869684;0.749226389328274;0.209181276696933;0.169184209639406;0.0753124083927064;0.493358453590348;0.847260127515834;0.698970004336019;LC
Acheilognathus longipinnis;Cyprinidae;Cypriniformes;Acheilognathus;0.144438107886599;0.190855592649148;0.1172961052586;0.174487420101282;0.487258165600471;0.138560909367596;0.145304029078107;0.0773951478648953;0.519139505715541;1.15314112663649;2.04413935237906;EN
Clupeichthys aesarnensis;Clupeidae;Clupeiformes;Clupeichthys;0.165633165958819;0.203035633672666;0.103595917555221;0.19322161381575;0.684476993664364;0.227126591857946;0.111972721592753;0.0754147851496432;0.580509400386612;0.903089986991944;1.36435471981657;LC
Distichodus rufigiensis;Distichodontidae;Characiformes;Distichodus;0.201482127180966;0.155813572159583;0.113266019799398;0.135477549237267;0.579406336837112;0.169894171250853;0.0811306415606869;0.0616909268575043;0.466014737074524;0.874927525070473;1.41586063379621;LC
Metynnis luna;Serrasalmidae;Characiformes;Metynnis;0.143330147168932;0.161275936128209;0.0765130353742562;0.176764058983138;0.393718654827482;0.148804451878312;0.088996183953849;0.0785621423750696;0.778767774279944;1.14301478833538;2.01283722470517;LC
Synodontis contractus;Mochokidae;Siluriformes;Synodontis;0.164870513964214;0.192022785302682;0.117830729340489;0.0582810420345983;0.63210530550074;0.226327938621903;0.0373095316959473;0.0985641137046285;0.680417728149637;1.11847502884719;1.68478237761301;LC
Creagrutus ignotus;Characidae;Characiformes;Creagrutus;0.167947359809646;0.195457849862762;0.169977515973078;0.128356118967935;0.737158969111042;0.20885166000118;0.0623509462653645;0.0719757535266365;0.480970003357412;0.859138298440244;1.16740175327713;LC
Exallodontus aguanai;Pimelodidae;Siluriformes;Exallodontus;0.110179986827164;0.184132003760293;0.135123565813195;0.0625279294630641;0.820154209457665;0.21155907807997;0.0779501543487227;0.0565472461448055;0.706106430432469;1.32221929473392;2.2715814970314;LC
Leiopotherapon unicolor;Terapontidae;Perciformes;Leiopotherapon;0.12339987661237;0.198680430807501;0.186265264136534;0.162527499002506;0.587188838807907;0.177491556674716;0.119106365038786;0.0828261405088615;0.513138422072189;1.50514997831991;3.47275940747384;LC
Astatotilapia burtoni;Cichlidae;Perciformes;Astatotilapia;0.112364180615403;0.172001202809415;0.146076832894434;0.129390565963334;0.5441721593829;0.196566633050371;0.14386374850258;0.0903574277056929;0.584731368200733;1.20411998265592;2.05798037728117;LC
Acheilognathus typus;Cyprinidae;Cypriniformes;Acheilognathus;0.159223333768386;0.150537154583293;0.103258679030475;0.137173193025312;0.615784774991571;0.176091259055681;0.0881360887005513;0.0754684607478848;0.608402687000854;0.960669669600008;1.46531248037623;VU
Copadichromis mbenjii;Cichlidae;Perciformes;Copadichromis;0.159292127445372;0.177939862911293;0.129933757668893;0.13503022771004;0.552082180823641;0.203140187499538;0.106326932677695;0.0877289644179593;0.51097952198063;0.868531864527892;1.40021132892501;LC
Dolichancistrus atratoensis;Loricariidae;Siluriformes;Dolichancistrus;0.0575949695604839;0.23045168507085;0;0;0.760426398649171;0.256277992875388;0;0.141181530850897;0.430658699108861;0.96378781834174;1.56666956219508;DD
Micralestes sardina;Alestidae;Characiformes;Micralestes;0.178709798483396;0.193818398558146;0.173199542212815;0.196697253561189;0.685157727352277;0.196703720347304;0.0805230082023728;0.0752498878222663;0.614111522604528;1.02118929906994;1.20079055886392;LC
Synodontis vanderwaali;Mochokidae;Siluriformes;Synodontis;0.132937418345338;0.182822795073759;0.111419946042483;0.0705160770186054;0.695525562041789;0.197316711722307;0.0662971041618248;0.0940772901231591;0.558885125196309;1.23121466547325;2.01017523533716;LC
Creagrutus menezesi;Characidae;Characiformes;Creagrutus;0.16192455870368;0.183544172070803;0.134929141334112;0.139398736557333;0.637754308577597;0.186925492626964;0.0774638497379834;0.0848356875145556;0.520930516521877;0.930439593794457;1.21867606324966;LC
Farlowella acus;Loricariidae;Siluriformes;Farlowella;0.11997531707675;0.176861060277665;0;0;1.20747278948101;0.237360915794604;0;0.0418908983535022;0.893224519000079;1.23044892137827;1.91172566459938;VU
Lepidogalaxias salamandroides;Lepidogalaxiidae;Osmeriformes;Lepidogalaxias;0.156347200859924;0.208581063114005;0.170476853058988;0.130301931097955;0.882940938655608;0.179516032745011;0.135664770821099;0.0354873569818804;0.456997200498133;0.924279290992542;1.38783741405181;EN
Astroblepus cirratus;Astroblepidae;Siluriformes;Astroblepus;0.173092623006688;0.206760078822133;0.10887519532241;0;0.889645994667944;0.244572766512567;0.0454899463226051;0.090067014786048;0.328088228398017;0.812913356642856;1.21171588120031;LC
Acinocheirodon melanogramma;Characidae;Characiformes;Acinocheirodon;0.176162181646172;0.179670899168817;0.174637159924364;0.181256957554758;0.650935940281892;0.182814500701432;0.0745753882490265;0.075476488518493;0.502139942227209;0.678518377303529;1.30587843684146;LC
Corydoras baderi;Callichthyidae;Siluriformes;Corydoras;0.108546015597493;0.156208197506619;0.0409725101096441;0;0.530681301571741;0.226320457498807;0;0.0940031690975368;0.487055384104997;0.755874841140018;1.20688322296762;LC
Dorosoma anale;Clupeidae;Clupeiformes;Dorosoma;0.180575840834324;0.18834625859283;0.089124681387523;0.166088987757949;0.56072855493133;0.144735277232681;0.109052742478573;0.0711429663635114;0.668199484198662;1.39093511383794;2.4671121043558;LC
Microctenopoma uelense;Anabantidae;Perciformes;Microctenopoma;0.181681589050932;0.183096512527538;0.131133862471157;0.177372276938823;0.666370324110817;0.195621154018655;0.0742339779888218;0.0742221334799772;0.610946980474482;0.841984792671394;0.826600621812756;LC
Telestes montenigrinus;Cyprinidae;Cypriniformes;Telestes;0.15625961870955;0.157455938826828;0.136940072643407;0.129188466819023;0.689887445119386;0.18336639803144;0.0766542856504973;0.0666137326486961;0.596957113154051;1.23044892137827;1.94936497875881;NT
Creagrutus pearsoni;Characidae;Characiformes;Creagrutus;0.152627295520826;0.219976888821606;0.0973558216402075;0.207980905968968;0.634083166621099;0.196808560198653;0.0989033024853171;0.0661261115815085;0.570941787730441;0.643452685899267;1.30106644123585;LC
Farlowella mariaelenae;Loricariidae;Siluriformes;Farlowella;0.121994355961519;0.182190266962205;0;0;1.23476584088464;0.229966639838536;0;0.0443176959813185;0.908359755933283;1.25527250510331;1.9441785314446;LC
Lepomis microlophus;Centrarchidae;Perciformes;Lepomis;0.120444155311607;0.166486840179576;0.121625071344761;0.134303891720308;0.518587423992644;0.174781133880648;0.116654639688088;0.113980842332797;0.495005159921734;1.3054541347289;2.34439227368511;LC
Astroblepus labialis;Astroblepidae;Siluriformes;Astroblepus;0.0708934704633708;0.252778679491763;0.0245683100292859;0;0.809206833346832;0.240125009004281;0;0.116515179323135;0.342308773696331;0.903089986991944;1.53830210789641;DD
Acipenser oxyrinchus;Acipenseridae;Acipenseriformes;Acipenser;0.0907746451222825;0.102236042589249;0.0884615365678471;0;0.880390029332549;0.161549694481481;0;0.0589543461129139;0.78886332018386;1.60704212857754;4.79263904102465;VU
Corydoras robineae;Callichthyidae;Siluriformes;Corydoras;0.138900643040968;0.151712434857967;0.0352557946380667;0;0.598357308075375;0.225018419159839;0;0.067401579349765;0.587836318246701;0.731588754428934;1.37791635122016;LC
Doumea chappuisi;Amphiliidae;Siluriformes;Doumea;0.118836084823534;0.191125114736163;0.0828815653069994;0;0.951167194357232;0.198448272577363;0;0.0824900134513915;0.711987657060086;1.10037055826599;1.69702100005705;LC
Micromoema xiphophora;Rivulidae;Cyprinodontiformes;Micromoema;0.181008309147634;0.161418001836194;0.0627887512539437;0.177653537481364;0.736698381017447;0.206307543685005;0.0957854714937346;0.0680167500239981;0.443797394034527;0.676251324692026;0.860606206108354;LC
Thymallus nigrescens;Salmonidae;Salmoniformes;Thymallus;0.146849324276488;0.172498363590142;0.126055395442321;0.131040177750051;0.677689875657962;0.176474681575652;0.0928881934897281;0.0674914508375586;0.539762488964562;1.23523703708398;2.05289147070826;NA
Creagrutus seductus;Characidae;Characiformes;Creagrutus;0.158615521702083;0.200713639870461;0.155698825165712;0.162311840519408;0.691319621273862;0.199018533815868;0.10163207318453;0.0732933016672881;0.54369844417048;0.904715556625955;1.40789927006402;LC
Farlowella smithi;Loricariidae;Siluriformes;Farlowella;0.154283004898048;0.193949715935311;0;0;1.29127015837482;0.205165252819779;0;0.0392718366121611;0.797271423972189;1.04139268515823;1.59989630269802;LC
